{"type":"FeatureCollection","features":[{"type":"Feature","properties":{"name":"Japan","source":"Natural Earth 1:10m (public domain) via world-atlas"},"geometry":{"type":"MultiPolygon","coordinates":[[[[129.7831,31.7998],[129.7903,31.7846],[129.7975,31.7644],[129.8011,31.7458],[129.7867,31.7374],[129.7759,31.7289],[129.7435,31.6766],[129.7291,31.6445],[129.7183,31.6377],[129.6967,31.6209],[129.6787,31.6293],[129.6607,31.6411],[129.6571,31.6597],[129.6751,31.6664],[129.6895,31.7002],[129.7183,31.7306],[129.7327,31.7374],[129.7543,31.7441],[129.7687,31.7593],[129.7759,31.7796],[129.7831,31.7998]]],[[[131.6587,32.477],[131.6551,32.4567],[131.6731,32.4415],[131.6875,32.4212],[131.6623,32.406],[131.6515,32.401],[131.6407,32.3993],[131.6335,32.3959],[131.6299,32.3875],[131.6227,32.3605],[131.6191,32.3368],[131.6155,32.3317],[131.6119,32.3301],[131.6011,32.3233],[131.5939,32.303],[131.5795,32.2541],[131.5615,32.2186],[131.5507,32.1696],[131.5291,32.1072],[131.4967,32.0126],[131.4571,31.9062],[131.4463,31.8775],[131.4499,31.8589],[131.4463,31.8471],[131.4571,31.8218],[131.4679,31.8049],[131.4967,31.7965],[131.4931,31.7863],[131.4787,31.7711],[131.4751,31.7627],[131.4499,31.6512],[131.4571,31.6209],[131.4247,31.5989],[131.4103,31.5854],[131.4067,31.5702],[131.4031,31.5685],[131.3923,31.5482],[131.3851,31.5398],[131.3851,31.5263],[131.3887,31.5212],[131.3923,31.5162],[131.3923,31.5128],[131.3923,31.4908],[131.3887,31.4858],[131.3779,31.4739],[131.3743,31.4672],[131.3635,31.4199],[131.3599,31.4098],[131.3455,31.3946],[131.3419,31.3861],[131.3419,31.3794],[131.3383,31.3726],[131.3311,31.3676],[131.3275,31.3709],[131.3239,31.3726],[131.3167,31.3743],[131.3239,31.3811],[131.3239,31.3845],[131.3239,31.3878],[131.2843,31.3828],[131.2663,31.3811],[131.2483,31.3878],[131.2447,31.3963],[131.2447,31.4115],[131.2447,31.4216],[131.2375,31.4284],[131.2195,31.4469],[131.2123,31.4554],[131.2087,31.4554],[131.2015,31.4571],[131.1799,31.452],[131.1619,31.4638],[131.1511,31.4706],[131.1295,31.4689],[131.1079,31.4638],[131.0719,31.4503],[131.0575,31.4402],[131.0467,31.4267],[131.0287,31.4013],[131.0143,31.3625],[131.0251,31.3541],[131.0611,31.3456],[131.0827,31.3389],[131.1043,31.3287],[131.1079,31.3169],[131.1043,31.3102],[131.0827,31.2966],[131.0755,31.2815],[131.0935,31.2764],[131.1259,31.2882],[131.1331,31.2798],[131.0611,31.2257],[131.0323,31.2274],[131.0071,31.2207],[131.0071,31.2004],[130.9963,31.1869],[130.9783,31.1565],[130.9675,31.1413],[130.9567,31.1312],[130.9423,31.121],[130.9243,31.1126],[130.9063,31.1075],[130.8703,31.0957],[130.8451,31.0906],[130.8199,31.0873],[130.7911,31.0771],[130.7731,31.0653],[130.7659,31.0569],[130.7263,31.0467],[130.6939,31.018],[130.6795,31.0045],[130.6579,31.0028],[130.6651,31.0687],[130.6903,31.0906],[130.7299,31.1109],[130.7443,31.121],[130.7659,31.1869],[130.7551,31.2038],[130.7803,31.2426],[130.7911,31.2747],[130.7983,31.3254],[130.7947,31.3439],[130.7839,31.3726],[130.7695,31.403],[130.7479,31.4351],[130.7047,31.4588],[130.6939,31.4858],[130.7047,31.528],[130.6939,31.5466],[130.6363,31.555],[130.6183,31.5634],[130.6111,31.5668],[130.5967,31.5736],[130.5895,31.5854],[130.6147,31.6124],[130.6363,31.6225],[130.6615,31.6175],[130.6867,31.6192],[130.7119,31.6141],[130.7227,31.5972],[130.7191,31.5702],[130.7227,31.5634],[130.7371,31.5601],[130.7479,31.5601],[130.7587,31.5634],[130.7767,31.5803],[130.7983,31.6124],[130.8091,31.6512],[130.8055,31.6867],[130.7767,31.7103],[130.7371,31.7087],[130.6867,31.7255],[130.6435,31.7154],[130.6147,31.6816],[130.6111,31.6715],[130.6075,31.6462],[130.6039,31.6377],[130.5751,31.6107],[130.5679,31.6006],[130.5571,31.5668],[130.5427,31.5415],[130.5283,31.5128],[130.5175,31.4723],[130.5175,31.4537],[130.5211,31.4317],[130.5499,31.3743],[130.5643,31.3338],[130.5751,31.3152],[130.5895,31.3068],[130.6039,31.3017],[130.6219,31.2764],[130.6615,31.2713],[130.6615,31.2578],[130.6507,31.224],[130.6471,31.2072],[130.6399,31.1869],[130.6219,31.1784],[130.6039,31.1717],[130.5859,31.1548],[130.5751,31.1666],[130.5643,31.1666],[130.5499,31.1633],[130.5355,31.1616],[130.5211,31.1683],[130.5175,31.1751],[130.5175,31.1903],[130.5067,31.2122],[130.4959,31.2274],[130.4527,31.2494],[130.2979,31.2544],[130.2763,31.2527],[130.2475,31.2443],[130.2223,31.246],[130.2115,31.2612],[130.2079,31.2798],[130.2043,31.2933],[130.1935,31.3152],[130.1791,31.327],[130.1899,31.327],[130.2079,31.3254],[130.2079,31.3372],[130.1971,31.3541],[130.1719,31.3777],[130.1395,31.398],[130.1179,31.4081],[130.1467,31.4199],[130.1539,31.4216],[130.1611,31.4216],[130.1755,31.4165],[130.1827,31.4165],[130.1971,31.4115],[130.2151,31.3912],[130.2295,31.3811],[130.2439,31.4047],[130.2943,31.4452],[130.3051,31.4773],[130.3159,31.4925],[130.3267,31.5297],[130.3339,31.5618],[130.3231,31.5871],[130.3375,31.6073],[130.3375,31.6259],[130.3267,31.6428],[130.2979,31.6698],[130.2583,31.7205],[130.2475,31.7289],[130.2007,31.7543],[130.1827,31.7593],[130.1827,31.7678],[130.1719,31.7897],[130.1827,31.8269],[130.1899,31.8353],[130.2223,31.8252],[130.2367,31.8201],[130.2079,31.8437],[130.1971,31.8589],[130.2151,31.886],[130.2187,31.9299],[130.2151,31.9501],[130.2043,31.9721],[130.1935,31.9805],[130.1899,31.9856],[130.1755,31.9991],[130.1719,32.0177],[130.1863,32.0261],[130.2043,32.0481],[130.2043,32.0734],[130.1791,32.0937],[130.2079,32.1207],[130.2475,32.1342],[130.2799,32.1004],[130.2979,32.1055],[130.3195,32.119],[130.3303,32.1291],[130.3339,32.1359],[130.3447,32.1612],[130.3447,32.1629],[130.3483,32.1663],[130.3555,32.1696],[130.3591,32.173],[130.3591,32.1865],[130.3591,32.1899],[130.4311,32.2574],[130.4419,32.2828],[130.4455,32.2878],[130.4563,32.2946],[130.4599,32.2997],[130.4635,32.3098],[130.4599,32.3182],[130.4599,32.3267],[130.4707,32.3469],[130.4779,32.3486],[130.5031,32.3267],[130.5139,32.3385],[130.5139,32.3503],[130.5103,32.379],[130.5139,32.3858],[130.5391,32.4162],[130.5607,32.4263],[130.5715,32.4516],[130.5679,32.477],[130.5499,32.4922],[130.5571,32.5023],[130.5715,32.5057],[130.6003,32.5057],[130.5895,32.5192],[130.5679,32.5344],[130.5643,32.5462],[130.5715,32.5546],[130.6399,32.607],[130.6579,32.6239],[130.6687,32.6492],[130.6399,32.6475],[130.4779,32.6222],[130.4599,32.6154],[130.4491,32.6222],[130.4563,32.6357],[130.4743,32.6475],[130.5427,32.6762],[130.5643,32.6931],[130.5751,32.6982],[130.5931,32.6965],[130.6075,32.7015],[130.6147,32.7032],[130.6255,32.7032],[130.6255,32.7117],[130.6111,32.7167],[130.6003,32.7269],[130.5931,32.7387],[130.5931,32.7488],[130.5931,32.7556],[130.5967,32.7623],[130.6111,32.7758],[130.6147,32.7809],[130.6111,32.786],[130.6075,32.7894],[130.6039,32.7961],[130.5931,32.8164],[130.5175,32.8687],[130.4707,32.9092],[130.4419,32.9244],[130.4347,32.9413],[130.4275,33.0072],[130.4275,33.0511],[130.4203,33.0697],[130.4239,33.0832],[130.4203,33.0882],[130.4167,33.0916],[130.4095,33.0933],[130.4059,33.0933],[130.3987,33.095],[130.3807,33.1085],[130.3735,33.1152],[130.3663,33.1271],[130.3663,33.1355],[130.3663,33.1406],[130.3375,33.144],[130.3159,33.149],[130.3015,33.149],[130.2907,33.149],[130.2583,33.1794],[130.2403,33.1879],[130.2187,33.1591],[130.1791,33.1355],[130.1503,33.1119],[130.1287,33.1203],[130.1323,33.1017],[130.1467,33.0849],[130.1611,33.0545],[130.2043,32.992],[130.2223,32.9751],[130.2187,32.9548],[130.2043,32.9515],[130.2043,32.9295],[130.1899,32.916],[130.1647,32.9092],[130.1503,32.8957],[130.1359,32.889],[130.1143,32.8805],[130.1071,32.8755],[130.1215,32.8687],[130.1323,32.8552],[130.1539,32.8417],[130.1791,32.8417],[130.1935,32.8451],[130.2439,32.8755],[130.3087,32.8755],[130.3411,32.8569],[130.3519,32.8333],[130.3735,32.7927],[130.3735,32.7809],[130.3771,32.7471],[130.3735,32.7387],[130.3555,32.7167],[130.3519,32.7032],[130.3591,32.688],[130.3411,32.6678],[130.3051,32.6509],[130.2691,32.6509],[130.2583,32.6441],[130.2583,32.6323],[130.2547,32.6256],[130.2367,32.6222],[130.2331,32.6104],[130.2223,32.6053],[130.1971,32.6036],[130.1827,32.5918],[130.1647,32.5935],[130.1719,32.6036],[130.1683,32.6188],[130.1539,32.6256],[130.1467,32.634],[130.1287,32.6408],[130.1287,32.661],[130.1287,32.6847],[130.1431,32.6813],[130.1539,32.6863],[130.1683,32.6982],[130.1791,32.7049],[130.1899,32.7134],[130.2007,32.7235],[130.2115,32.7336],[130.2079,32.7522],[130.1971,32.7573],[130.1863,32.7623],[130.1827,32.7691],[130.1863,32.7742],[130.1899,32.7843],[130.1791,32.7927],[130.1467,32.7961],[130.1395,32.7894],[130.1251,32.7894],[130.0927,32.7944],[130.0639,32.7843],[130.0495,32.7725],[130.0315,32.759],[130.0099,32.7539],[129.9919,32.7471],[129.9703,32.7438],[129.9631,32.7522],[129.9631,32.7623],[129.9595,32.764],[129.9487,32.7573],[129.9559,32.7454],[129.9415,32.7286],[129.9163,32.6982],[129.9019,32.6813],[129.8947,32.6627],[129.8731,32.6492],[129.8551,32.6408],[129.8407,32.6391],[129.8371,32.6323],[129.8335,32.6154],[129.8083,32.5969],[129.7867,32.5833],[129.7831,32.5732],[129.7759,32.5766],[129.7615,32.58],[129.7507,32.5732],[129.7399,32.5681],[129.7327,32.5817],[129.7507,32.5918],[129.7615,32.5952],[129.7759,32.6002],[129.7831,32.607],[129.7939,32.6323],[129.8047,32.6475],[129.8155,32.6627],[129.8191,32.6779],[129.8155,32.683],[129.8047,32.6779],[129.7975,32.6847],[129.7975,32.6914],[129.8083,32.6948],[129.8155,32.7015],[129.8263,32.7049],[129.8335,32.6948],[129.8443,32.7015],[129.8587,32.7252],[129.8227,32.7218],[129.8227,32.7353],[129.8047,32.7725],[129.7939,32.7809],[129.7831,32.7843],[129.7795,32.791],[129.7759,32.8029],[129.7723,32.8147],[129.7543,32.8181],[129.7435,32.8096],[129.7327,32.8062],[129.7219,32.8265],[129.6967,32.84],[129.6859,32.8552],[129.6787,32.8704],[129.6751,32.8805],[129.6751,32.8924],[129.6679,32.9042],[129.6607,32.9143],[129.6535,32.9227],[129.6391,32.9261],[129.6319,32.9565],[129.6319,32.9785],[129.6463,32.9903],[129.6535,33.0038],[129.6499,33.0173],[129.6535,33.0342],[129.6607,33.0393],[129.6643,33.0697],[129.6823,33.0933],[129.7219,33.0798],[129.7363,33.0595],[129.7363,33.0578],[129.7327,33.0494],[129.7363,33.046],[129.7435,33.0511],[129.7507,33.0578],[129.7543,33.0545],[129.7579,33.0477],[129.7543,33.0409],[129.7399,33.019],[129.7363,33.0038],[129.7399,32.9903],[129.7507,32.9954],[129.7651,33.0173],[129.7975,33.0106],[129.8119,32.9954],[129.8227,32.9802],[129.8155,32.9717],[129.8155,32.9616],[129.8155,32.9379],[129.8155,32.9227],[129.8083,32.9143],[129.8011,32.9244],[129.7939,32.9481],[129.7867,32.9481],[129.7903,32.9126],[129.8047,32.9025],[129.8083,32.8856],[129.7939,32.8755],[129.8155,32.8636],[129.8227,32.8586],[129.8299,32.8501],[129.8407,32.8451],[129.8443,32.8383],[129.8515,32.8417],[129.8551,32.8468],[129.8695,32.8535],[129.8731,32.8603],[129.8839,32.8755],[129.9343,32.8603],[129.9883,32.8417],[130.0027,32.8451],[129.9847,32.8636],[129.9307,32.9295],[129.9307,32.9582],[129.9379,32.9717],[129.9487,32.9954],[129.9451,33.0156],[129.9127,33.0359],[129.8803,33.0629],[129.8515,33.0545],[129.8335,33.0426],[129.8227,33.0426],[129.8227,33.0629],[129.7975,33.0781],[129.7867,33.0713],[129.7759,33.0578],[129.7615,33.0578],[129.7471,33.0663],[129.7435,33.0764],[129.7327,33.1017],[129.7399,33.1017],[129.7507,33.0984],[129.7471,33.1169],[129.7471,33.1254],[129.7615,33.1304],[129.7579,33.1389],[129.7471,33.1389],[129.7291,33.122],[129.7219,33.1321],[129.7219,33.1456],[129.7219,33.1591],[129.7111,33.1625],[129.7111,33.1406],[129.7075,33.1186],[129.7039,33.1119],[129.6967,33.1136],[129.6823,33.1152],[129.6751,33.1034],[129.6679,33.1017],[129.6607,33.1271],[129.6823,33.1304],[129.6859,33.1423],[129.6823,33.1524],[129.6751,33.1608],[129.6643,33.1659],[129.6535,33.171],[129.6571,33.1794],[129.6571,33.1845],[129.6535,33.1895],[129.6463,33.198],[129.6391,33.1929],[129.6283,33.1912],[129.6175,33.1946],[129.5995,33.2081],[129.5887,33.2115],[129.5635,33.2115],[129.5527,33.225],[129.5635,33.2554],[129.5671,33.2723],[129.5743,33.2773],[129.5815,33.2757],[129.5923,33.2841],[129.5887,33.2892],[129.5851,33.301],[129.5707,33.3213],[129.5779,33.3483],[129.5815,33.3702],[129.5923,33.3804],[129.6211,33.3601],[129.6427,33.3618],[129.6715,33.3989],[129.6787,33.3905],[129.6751,33.3618],[129.7003,33.3533],[129.7435,33.3652],[129.8083,33.3483],[129.8155,33.3314],[129.8191,33.3044],[129.8263,33.2942],[129.8371,33.2858],[129.8515,33.2807],[129.8479,33.2942],[129.8407,33.3162],[129.8479,33.3483],[129.8587,33.3668],[129.8695,33.3787],[129.8623,33.3905],[129.8695,33.3972],[129.8155,33.4259],[129.7975,33.4445],[129.7867,33.4546],[129.7975,33.4682],[129.8047,33.4817],[129.8191,33.485],[129.8371,33.4665],[129.8407,33.4546],[129.8479,33.4428],[129.8623,33.4378],[129.8731,33.4428],[129.8659,33.4563],[129.8443,33.4817],[129.8371,33.5138],[129.8551,33.5323],[129.8515,33.5526],[129.8695,33.5391],[129.8875,33.5357],[129.9091,33.5475],[129.9415,33.5323],[129.9595,33.5121],[129.9559,33.5036],[129.9451,33.4901],[129.9415,33.48],[129.9523,33.4732],[129.9631,33.4834],[129.9667,33.4732],[129.9667,33.4631],[129.9739,33.4546],[129.9883,33.4496],[130.0171,33.4462],[130.0279,33.4513],[130.0387,33.4614],[130.0459,33.485],[130.0567,33.4952],[130.0855,33.507],[130.1035,33.5121],[130.1143,33.5087],[130.1251,33.5154],[130.1287,33.5188],[130.1431,33.5205],[130.1575,33.5256],[130.1683,33.534],[130.1755,33.5475],[130.1611,33.5458],[130.1287,33.5408],[130.1215,33.5425],[130.1179,33.5577],[130.1107,33.5593],[130.0963,33.561],[130.0927,33.5661],[130.0927,33.5729],[130.0999,33.5813],[130.1107,33.5897],[130.1179,33.5914],[130.1287,33.5914],[130.1395,33.5948],[130.1575,33.6066],[130.1539,33.6184],[130.1611,33.6303],[130.1719,33.6286],[130.1827,33.6286],[130.1899,33.6303],[130.1971,33.6336],[130.2043,33.6404],[130.2079,33.6657],[130.2223,33.659],[130.2331,33.6539],[130.2367,33.6438],[130.2259,33.6353],[130.2331,33.6184],[130.2439,33.6117],[130.2511,33.6083],[130.2727,33.6117],[130.2763,33.6032],[130.2655,33.588],[130.2727,33.583],[130.2871,33.5762],[130.2907,33.5745],[130.2943,33.5796],[130.3015,33.5796],[130.3051,33.5847],[130.3159,33.5982],[130.3303,33.5982],[130.3591,33.5965],[130.3735,33.6032],[130.3915,33.6049],[130.3987,33.6168],[130.4023,33.6303],[130.4059,33.6505],[130.4023,33.659],[130.3987,33.6691],[130.3807,33.659],[130.3627,33.6455],[130.3483,33.6404],[130.3375,33.6471],[130.3231,33.6522],[130.3195,33.659],[130.3087,33.6556],[130.2943,33.664],[130.2907,33.6809],[130.2943,33.6894],[130.3051,33.6877],[130.3123,33.6725],[130.3231,33.6657],[130.3447,33.6623],[130.3879,33.6775],[130.4023,33.6894],[130.4167,33.7029],[130.4275,33.713],[130.4455,33.7181],[130.4527,33.7282],[130.4671,33.7434],[130.4707,33.7637],[130.4671,33.7805],[130.4563,33.7822],[130.4491,33.7907],[130.4491,33.8025],[130.4527,33.8076],[130.4635,33.8109],[130.4707,33.8177],[130.4779,33.8244],[130.4887,33.8548],[130.4959,33.8481],[130.5067,33.8498],[130.5319,33.8616],[130.5391,33.87],[130.5427,33.8768],[130.5499,33.8802],[130.5643,33.8835],[130.6111,33.8802],[130.6327,33.8819],[130.6543,33.8971],[130.6831,33.9342],[130.6939,33.9376],[130.7047,33.9393],[130.7155,33.9376],[130.7299,33.9325],[130.7551,33.9443],[130.7911,33.9443],[130.8271,33.9393],[130.8199,33.9207],[130.8343,33.9258],[130.8631,33.9258],[130.8703,33.9139],[130.8811,33.8954],[130.8955,33.8886],[130.9135,33.892],[130.9243,33.8987],[130.9423,33.9173],[130.9495,33.9376],[130.9783,33.9578],[131.0071,33.9663],[131.0179,33.9562],[131.0143,33.9359],[131.0071,33.9224],[131.0035,33.9173],[131.0035,33.9106],[130.9927,33.8971],[131.0035,33.8869],[130.9999,33.8734],[130.9855,33.8734],[130.9891,33.865],[130.9891,33.8565],[130.9855,33.8481],[130.9783,33.843],[130.9639,33.8329],[130.9603,33.8194],[130.9603,33.816],[130.9675,33.8126],[130.9855,33.8093],[131.0071,33.8126],[131.0035,33.7789],[131.0071,33.7721],[131.0107,33.7468],[131.0215,33.7265],[131.0503,33.6826],[131.0647,33.6539],[131.0827,33.6353],[131.1043,33.6235],[131.1187,33.6269],[131.1475,33.6218],[131.1871,33.6168],[131.2195,33.6083],[131.2555,33.6049],[131.2843,33.583],[131.3239,33.5813],[131.3671,33.5745],[131.4175,33.5813],[131.4247,33.5897],[131.4607,33.6168],[131.4751,33.632],[131.4823,33.6522],[131.5003,33.6674],[131.5219,33.6759],[131.5507,33.6809],[131.5723,33.6809],[131.5903,33.6826],[131.6083,33.6775],[131.6263,33.6674],[131.6479,33.6691],[131.6659,33.6674],[131.6911,33.6421],[131.7127,33.6049],[131.7307,33.5796],[131.7379,33.561],[131.7415,33.5391],[131.7307,33.5121],[131.7379,33.485],[131.7271,33.4631],[131.7091,33.4327],[131.7055,33.4091],[131.6983,33.4057],[131.6731,33.4158],[131.6587,33.4226],[131.6407,33.4158],[131.6371,33.4023],[131.6371,33.3871],[131.6335,33.3736],[131.6083,33.3685],[131.6011,33.3652],[131.5975,33.35],[131.5759,33.3466],[131.5579,33.3466],[131.5471,33.3516],[131.5327,33.3668],[131.5075,33.3635],[131.4967,33.3398],[131.5111,33.274],[131.5291,33.2605],[131.5471,33.2554],[131.6119,33.2537],[131.6551,33.2723],[131.6983,33.2537],[131.7091,33.2706],[131.7631,33.2537],[131.8207,33.2436],[131.8495,33.252],[131.8855,33.2689],[131.9035,33.2655],[131.8819,33.2368],[131.8711,33.2149],[131.8711,33.1997],[131.8639,33.1929],[131.8495,33.1879],[131.8315,33.1693],[131.8279,33.1524],[131.8099,33.1271],[131.8423,33.1136],[131.8675,33.1288],[131.8999,33.1288],[131.9107,33.1254],[131.8855,33.1102],[131.8675,33.095],[131.8639,33.0832],[131.8819,33.0747],[131.8891,33.0798],[131.9071,33.0781],[131.9143,33.0697],[131.9287,33.068],[131.9323,33.0798],[131.9359,33.0916],[131.9431,33.0933],[131.9503,33.0764],[131.9575,33.068],[131.9683,33.0612],[131.9755,33.0595],[131.9863,33.0629],[131.9899,33.0697],[131.9971,33.0916],[132.0151,33.0646],[132.0079,33.0511],[131.9827,33.046],[131.9467,33.0477],[131.9287,33.0477],[131.9215,33.0291],[131.9071,33.0122],[131.9035,32.9835],[131.9143,32.9768],[131.9359,32.9599],[131.9503,32.9599],[131.9575,32.9447],[131.9683,32.9481],[131.9791,32.9498],[131.9863,32.9481],[131.9899,32.9413],[131.9971,32.9396],[132.0115,32.9447],[132.0115,32.9396],[132.0151,32.9346],[132.0223,32.9363],[132.0331,32.9515],[132.0619,32.9464],[132.0799,32.943],[132.0835,32.9329],[132.0655,32.9363],[132.0439,32.9278],[132.0259,32.9244],[131.9935,32.9042],[131.9827,32.889],[131.9863,32.8822],[131.9971,32.8788],[132.0007,32.8721],[131.9899,32.8552],[131.9827,32.8485],[131.9719,32.8451],[131.9647,32.8383],[131.9539,32.8282],[131.9683,32.8265],[131.9971,32.8299],[132.0043,32.8248],[131.9971,32.8113],[131.9791,32.7995],[131.9611,32.7927],[131.9467,32.7927],[131.9287,32.7775],[131.8819,32.7826],[131.8747,32.7623],[131.8747,32.7353],[131.8711,32.7319],[131.8711,32.7269],[131.8675,32.7235],[131.8639,32.7201],[131.8603,32.7184],[131.8567,32.7015],[131.8567,32.6863],[131.8495,32.6813],[131.8351,32.6982],[131.8207,32.7032],[131.8171,32.6897],[131.7991,32.6813],[131.7883,32.6627],[131.7739,32.6543],[131.7703,32.6492],[131.7667,32.6441],[131.7667,32.6424],[131.7703,32.6391],[131.7703,32.6323],[131.7667,32.6205],[131.7487,32.5935],[131.7451,32.5884],[131.7307,32.5833],[131.7091,32.5867],[131.7055,32.5817],[131.6983,32.5648],[131.6839,32.5344],[131.6839,32.5226],[131.6947,32.5107],[131.7127,32.5124],[131.7199,32.509],[131.7379,32.4922],[131.7163,32.4736],[131.6947,32.4685],[131.6803,32.4736],[131.6587,32.477]]],[[[134.6899,33.8278],[134.7223,33.8346],[134.7403,33.8396],[134.7511,33.8346],[134.7331,33.8261],[134.7007,33.8143],[134.6647,33.7991],[134.6503,33.7856],[134.6179,33.7822],[134.6071,33.7653],[134.5783,33.7637],[134.5711,33.7366],[134.5459,33.7333],[134.5387,33.7164],[134.4559,33.6708],[134.4055,33.6539],[134.3767,33.6353],[134.3875,33.6235],[134.3623,33.6016],[134.3587,33.588],[134.3515,33.5813],[134.3407,33.5762],[134.3263,33.5796],[134.3119,33.5729],[134.3155,33.556],[134.3119,33.5425],[134.2975,33.5306],[134.2723,33.5087],[134.2435,33.4614],[134.2147,33.377],[134.2075,33.3398],[134.1967,33.3111],[134.1967,33.2976],[134.1895,33.2706],[134.1895,33.2486],[134.1751,33.2368],[134.1571,33.2689],[134.1427,33.2925],[134.1283,33.2892],[134.1067,33.2942],[134.1067,33.3145],[134.0815,33.3398],[134.0383,33.3837],[134.0239,33.4158],[133.9951,33.4243],[133.9699,33.4361],[133.9411,33.4597],[133.9267,33.4935],[133.8547,33.5002],[133.7647,33.5205],[133.7395,33.5374],[133.6711,33.5289],[133.6063,33.5154],[133.5883,33.5019],[133.5451,33.4867],[133.4659,33.4546],[133.4515,33.431],[133.4551,33.4141],[133.4407,33.4023],[133.4155,33.3939],[133.3903,33.3905],[133.3759,33.3888],[133.3651,33.3871],[133.3579,33.3837],[133.3471,33.3753],[133.3291,33.3533],[133.3219,33.3516],[133.3255,33.3685],[133.3183,33.3719],[133.3111,33.3753],[133.2931,33.3652],[133.2679,33.3466],[133.2535,33.3263],[133.2571,33.3061],[133.2535,33.2942],[133.2535,33.2858],[133.2607,33.279],[133.2643,33.2723],[133.2643,33.2672],[133.2679,33.2638],[133.2715,33.2588],[133.2679,33.252],[133.2643,33.2486],[133.2607,33.2453],[133.2571,33.2419],[133.2535,33.2182],[133.2427,33.2064],[133.2283,33.1946],[133.2139,33.1879],[133.2175,33.1659],[133.2247,33.1591],[133.2103,33.1507],[133.2031,33.1625],[133.1887,33.1625],[133.1635,33.1372],[133.1311,33.0882],[133.1059,33.0612],[133.0987,33.0477],[133.0987,33.0325],[133.0987,33.0241],[133.0915,33.019],[133.0735,33.0291],[133.0519,33.0393],[133.0195,33.0241],[133.0015,32.9869],[132.9943,32.9498],[133.0087,32.9042],[133.0015,32.8687],[132.9907,32.862],[132.9619,32.8636],[132.9547,32.8518],[132.9583,32.8349],[132.9547,32.8147],[132.9691,32.8062],[132.9763,32.7944],[132.9835,32.7877],[133.0051,32.7725],[133.0159,32.7573],[133.0267,32.7404],[133.0267,32.7201],[133.0015,32.7117],[132.9835,32.7201],[132.9763,32.7252],[132.9727,32.7319],[132.9619,32.7505],[132.9583,32.759],[132.9403,32.7708],[132.9151,32.7775],[132.8935,32.7742],[132.8827,32.7522],[132.8719,32.7691],[132.8575,32.7691],[132.8431,32.7606],[132.8287,32.7488],[132.8107,32.7404],[132.7927,32.7404],[132.7711,32.7454],[132.7567,32.7522],[132.7279,32.7742],[132.7099,32.7894],[132.6631,32.7792],[132.6271,32.7522],[132.6199,32.7725],[132.6235,32.7995],[132.6451,32.8265],[132.6631,32.8569],[132.6919,32.8839],[132.7063,32.8974],[132.7099,32.9092],[132.6415,32.9092],[132.6271,32.9059],[132.6199,32.9076],[132.5767,32.9312],[132.5587,32.9363],[132.5731,32.9227],[132.5515,32.9244],[132.5371,32.9312],[132.5227,32.9295],[132.5191,32.9092],[132.5227,32.9076],[132.5335,32.8991],[132.5371,32.8957],[132.5191,32.889],[132.5047,32.8924],[132.4903,32.9008],[132.4723,32.9329],[132.4939,32.9498],[132.4831,32.97],[132.4975,32.9852],[132.5011,32.9937],[132.4831,33.0241],[132.4723,33.0409],[132.4399,33.0443],[132.4183,33.0511],[132.3967,33.0173],[132.3823,33.019],[132.4003,33.0443],[132.3967,33.0578],[132.4075,33.0697],[132.4507,33.0528],[132.4723,33.0561],[132.4831,33.068],[132.4615,33.068],[132.4687,33.0832],[132.4687,33.095],[132.4615,33.1051],[132.4507,33.1085],[132.4507,33.1152],[132.4723,33.1136],[132.4759,33.1152],[132.4795,33.1186],[132.4867,33.1254],[132.4903,33.1321],[132.4795,33.1355],[132.4507,33.1372],[132.4399,33.1423],[132.4363,33.1558],[132.4363,33.1676],[132.4579,33.1743],[132.4507,33.1845],[132.4363,33.1912],[132.4219,33.1997],[132.4147,33.1895],[132.4003,33.1879],[132.3931,33.2031],[132.4183,33.2098],[132.4471,33.2047],[132.4579,33.2047],[132.4615,33.1912],[132.4795,33.1811],[132.4867,33.1693],[132.5047,33.1811],[132.5011,33.198],[132.5155,33.2132],[132.5371,33.2182],[132.5479,33.2267],[132.5371,33.2419],[132.5227,33.2503],[132.5407,33.2622],[132.5227,33.2638],[132.5083,33.2571],[132.5011,33.2672],[132.4903,33.2706],[132.4831,33.2773],[132.4831,33.2909],[132.5047,33.3044],[132.5227,33.3077],[132.5263,33.3145],[132.4867,33.3162],[132.4183,33.3044],[132.4003,33.3094],[132.3895,33.3162],[132.3787,33.3196],[132.3859,33.3314],[132.3931,33.3348],[132.4075,33.3364],[132.4147,33.3415],[132.4183,33.3466],[132.4219,33.3753],[132.4039,33.3618],[132.3895,33.3753],[132.3895,33.3972],[132.4075,33.4158],[132.4075,33.4226],[132.3931,33.4226],[132.3967,33.431],[132.4039,33.4378],[132.4111,33.4411],[132.4219,33.4445],[132.3823,33.4665],[132.3643,33.4682],[132.3463,33.4665],[132.3355,33.4631],[132.3211,33.458],[132.3067,33.4648],[132.2779,33.4479],[132.2527,33.4411],[132.2131,33.4226],[132.1807,33.4074],[132.1483,33.3888],[132.1411,33.3736],[132.1303,33.3635],[132.1159,33.3635],[132.1015,33.3702],[132.1087,33.3871],[132.0727,33.3668],[132.0259,33.3449],[132.0115,33.3483],[132.0295,33.3652],[132.0511,33.3753],[132.0943,33.4091],[132.1339,33.4192],[132.1519,33.4158],[132.1663,33.4209],[132.1555,33.4293],[132.1555,33.4378],[132.1699,33.4462],[132.1987,33.4546],[132.2203,33.4546],[132.2419,33.4648],[132.2635,33.4648],[132.2923,33.485],[132.4111,33.5357],[132.4291,33.5475],[132.4363,33.5644],[132.4399,33.5729],[132.4687,33.6016],[132.4795,33.6083],[132.5011,33.6252],[132.6019,33.6607],[132.6199,33.6742],[132.6451,33.6894],[132.6775,33.7164],[132.6955,33.7569],[132.6955,33.7856],[132.6883,33.8143],[132.6991,33.8498],[132.7063,33.8768],[132.7135,33.9038],[132.7567,33.9106],[132.7567,33.9342],[132.7711,33.9562],[132.7711,33.9967],[132.7999,34.0136],[132.8467,34.0406],[132.8611,34.0558],[132.9187,34.0676],[132.9223,34.0845],[132.9295,34.0946],[132.9259,34.1115],[132.9079,34.1132],[132.8971,34.1132],[132.8971,34.1233],[132.9151,34.1199],[132.9295,34.1199],[132.9439,34.1419],[132.9547,34.125],[132.9619,34.1216],[132.9655,34.1149],[132.9763,34.1081],[133.0303,34.0524],[133.0591,33.9916],[133.0699,33.9747],[133.0771,33.9595],[133.0879,33.9494],[133.1095,33.941],[133.1275,33.9325],[133.1455,33.9308],[133.1743,33.941],[133.2103,33.9477],[133.2427,33.9562],[133.2499,33.9747],[133.2787,33.9832],[133.3003,33.9815],[133.3219,33.9899],[133.3399,33.9899],[133.3615,33.9832],[133.4155,33.9866],[133.4371,33.9815],[133.4875,33.9663],[133.5127,33.9646],[133.5307,33.9714],[133.5487,33.9815],[133.5631,33.9933],[133.5739,34.0068],[133.5883,34.0203],[133.6207,34.0457],[133.6351,34.0608],[133.6423,34.0794],[133.6495,34.125],[133.6459,34.1672],[133.6423,34.1841],[133.6315,34.1976],[133.6207,34.2111],[133.6027,34.223],[133.5883,34.2314],[133.5739,34.2415],[133.5595,34.2601],[133.5811,34.25],[133.6099,34.2381],[133.6387,34.2331],[133.6531,34.2381],[133.6711,34.223],[133.6999,34.2314],[133.7323,34.2517],[133.7539,34.2702],[133.7827,34.2888],[133.8439,34.3124],[133.8727,34.3276],[133.8835,34.3378],[133.8907,34.353],[133.8979,34.3648],[133.9123,34.3699],[133.9195,34.3699],[133.9375,34.3749],[133.9483,34.3766],[133.9555,34.3732],[133.9699,34.3648],[133.9879,34.3614],[134.0023,34.353],[134.0131,34.3496],[134.0203,34.3496],[134.0383,34.3547],[134.0455,34.3547],[134.0815,34.3479],[134.0887,34.3547],[134.0995,34.3766],[134.1175,34.3597],[134.1211,34.3665],[134.1247,34.3817],[134.1283,34.3901],[134.1427,34.3918],[134.1535,34.3851],[134.1571,34.3749],[134.1607,34.3631],[134.1607,34.3344],[134.1679,34.3243],[134.1823,34.3209],[134.1895,34.326],[134.2111,34.3479],[134.2183,34.3547],[134.2363,34.3412],[134.2615,34.3344],[134.2723,34.3226],[134.2579,34.2939],[134.2975,34.2753],[134.3083,34.2736],[134.3227,34.2685],[134.3443,34.25],[134.3587,34.2466],[134.3839,34.25],[134.3983,34.25],[134.4019,34.2432],[134.4055,34.2348],[134.4163,34.2246],[134.4415,34.2078],[134.4703,34.2078],[134.4955,34.2246],[134.5603,34.2213],[134.5819,34.2297],[134.5927,34.2314],[134.6071,34.2517],[134.6107,34.2398],[134.5999,34.228],[134.5927,34.2145],[134.6107,34.2162],[134.6287,34.2331],[134.6467,34.2398],[134.6395,34.2246],[134.6287,34.2094],[134.6251,34.201],[134.6251,34.1942],[134.6287,34.1875],[134.6071,34.1841],[134.6179,34.1824],[134.6287,34.1774],[134.6431,34.179],[134.6359,34.1655],[134.6251,34.1503],[134.6215,34.1402],[134.6215,34.1351],[134.6035,34.1115],[134.6035,34.0845],[134.6071,34.0676],[134.6035,34.0642],[134.5963,34.0457],[134.5927,34.0389],[134.5963,34.0305],[134.5999,34.0102],[134.6035,34.0017],[134.6107,33.9967],[134.6251,33.9984],[134.6251,34.0085],[134.6359,34.0102],[134.6503,33.9866],[134.6611,33.9697],[134.6971,33.9511],[134.6899,33.9426],[134.7043,33.9376],[134.7007,33.9207],[134.7043,33.9055],[134.6899,33.8954],[134.6863,33.8869],[134.6719,33.8819],[134.6611,33.8751],[134.6467,33.8532],[134.6611,33.8464],[134.7187,33.8481],[134.7187,33.8413],[134.7079,33.8413],[134.6971,33.8363],[134.6899,33.8346],[134.6899,33.8278]]],[[[133.1203,36.1091],[133.1347,36.0888],[133.1239,36.0635],[133.0987,36.0382],[133.0807,36.0213],[133.0771,36.05],[133.0807,36.0804],[133.0951,36.1023],[133.1203,36.1091]]],[[[133.0915,36.1175],[133.0915,36.1226],[133.1131,36.1142],[133.0915,36.1091],[133.0915,36.1175]]],[[[133.0735,36.1277],[133.0879,36.1277],[133.0879,36.1175],[133.0879,36.1108],[133.0735,36.1074],[133.0591,36.1023],[133.0519,36.0855],[133.0555,36.0753],[133.0555,36.0669],[133.0555,36.0618],[133.0447,36.0551],[133.0375,36.0534],[133.0267,36.0567],[133.0195,36.0601],[133.0159,36.0652],[133.0159,36.0753],[133.0159,36.0804],[133.0087,36.0821],[133.0015,36.0821],[132.9907,36.077],[132.9943,36.0669],[133.0051,36.0483],[132.9943,36.0382],[132.9799,36.0399],[132.9655,36.0483],[132.9511,36.0618],[132.9691,36.0821],[133.0159,36.1108],[133.0375,36.131],[133.0555,36.1243],[133.0735,36.1277]]],[[[133.4227,34.4458],[133.4119,34.4239],[133.3399,34.3479],[133.3255,34.3361],[133.2967,34.3243],[133.2823,34.3209],[133.2715,34.3226],[133.2643,34.331],[133.2715,34.3395],[133.2823,34.3428],[133.2967,34.3445],[133.3039,34.3496],[133.3147,34.3665],[133.3039,34.3783],[133.2823,34.3834],[133.2571,34.3817],[133.2571,34.3901],[133.2751,34.4019],[133.2679,34.4205],[133.2463,34.4273],[133.2283,34.3766],[133.2139,34.3631],[133.1959,34.353],[133.1815,34.3412],[133.2031,34.3276],[133.2103,34.3074],[133.2031,34.2888],[133.1851,34.2804],[133.1779,34.2821],[133.1671,34.2922],[133.1599,34.2939],[133.1563,34.2922],[133.1455,34.2821],[133.1239,34.277],[133.1023,34.2567],[133.0915,34.2533],[133.0771,34.2601],[133.0699,34.277],[133.0735,34.3175],[133.0771,34.3175],[133.0879,34.326],[133.1023,34.3445],[133.1131,34.3513],[133.1167,34.3428],[133.1167,34.326],[133.1131,34.3141],[133.1347,34.3175],[133.1491,34.3513],[133.1671,34.3547],[133.1671,34.3631],[133.1527,34.3732],[133.1347,34.3817],[133.1239,34.3851],[133.1131,34.3834],[133.1023,34.3851],[133.0915,34.3901],[133.0807,34.3817],[133.0843,34.3513],[133.0591,34.3327],[133.0195,34.3226],[132.9115,34.3141],[132.8827,34.304],[132.8539,34.2871],[132.8359,34.3108],[132.8179,34.304],[132.7999,34.2837],[132.7783,34.2736],[132.7639,34.2702],[132.7639,34.2635],[132.7711,34.2533],[132.7783,34.2432],[132.7711,34.2348],[132.7567,34.2331],[132.7279,34.2314],[132.7027,34.2263],[132.6559,34.1993],[132.6271,34.1976],[132.6235,34.2027],[132.6199,34.2094],[132.6163,34.2162],[132.6127,34.2179],[132.6055,34.2162],[132.5983,34.2128],[132.5983,34.2078],[132.5947,34.2044],[132.5659,34.1926],[132.5551,34.1926],[132.5443,34.2044],[132.5587,34.2179],[132.5515,34.2314],[132.5335,34.2449],[132.5227,34.2702],[132.5083,34.2837],[132.5047,34.2871],[132.5047,34.3006],[132.5083,34.3091],[132.5083,34.3158],[132.5047,34.3276],[132.5119,34.3293],[132.5227,34.3344],[132.5299,34.3344],[132.5263,34.3462],[132.5191,34.353],[132.4975,34.3631],[132.4795,34.3547],[132.4615,34.3496],[132.4399,34.3496],[132.4039,34.3682],[132.3823,34.3665],[132.3463,34.3496],[132.3139,34.3276],[132.2239,34.2381],[132.2311,34.2246],[132.2383,34.2044],[132.2419,34.1892],[132.2419,34.1672],[132.2383,34.1419],[132.2275,34.1318],[132.2131,34.125],[132.2023,34.1081],[132.1987,34.0642],[132.2095,34.0254],[132.2131,33.9899],[132.1807,33.9578],[132.1555,33.9494],[132.1411,33.946],[132.1339,33.9376],[132.1339,33.9139],[132.1375,33.8954],[132.1591,33.8565],[132.1627,33.8413],[132.1483,33.8295],[132.1051,33.8093],[132.0763,33.7873],[132.0547,33.7772],[132.0403,33.7755],[132.0439,33.7941],[132.0655,33.8076],[132.0691,33.8109],[132.0763,33.8261],[132.0799,33.8346],[132.0871,33.8244],[132.0979,33.8244],[132.1087,33.8295],[132.1123,33.8447],[132.1087,33.8633],[132.0979,33.8717],[132.0871,33.8785],[132.0763,33.8869],[132.0583,33.8954],[131.9935,33.9139],[131.9719,33.9173],[131.9683,33.9207],[131.9431,33.9511],[131.9323,33.9562],[131.9035,33.9663],[131.8927,33.9714],[131.8711,33.9882],[131.8531,33.9984],[131.8351,33.995],[131.8135,33.9714],[131.8279,33.9714],[131.8279,33.9646],[131.7919,33.9646],[131.7811,33.9697],[131.7775,33.9866],[131.8063,34.0051],[131.8243,34.0203],[131.8243,34.0271],[131.8135,34.0288],[131.7991,34.0372],[131.7415,34.0558],[131.7019,34.044],[131.6875,34.0473],[131.6767,34.0406],[131.6443,34.0288],[131.6335,34.0271],[131.6047,34.0271],[131.6011,34.0305],[131.5975,34.0355],[131.5939,34.0372],[131.5867,34.0271],[131.5939,34.0153],[131.5975,34.0034],[131.5939,33.9916],[131.5795,33.9866],[131.5723,33.9849],[131.5687,33.9866],[131.5651,33.9899],[131.5651,33.9967],[131.5615,34.0051],[131.5579,34.0051],[131.5507,34.0017],[131.5507,34.0001],[131.5183,34.0085],[131.5111,34.0119],[131.4931,34.0288],[131.4823,34.0321],[131.4679,34.0271],[131.4751,34.0186],[131.4751,34.0136],[131.4679,34.0068],[131.4571,34.0001],[131.4571,33.9933],[131.4535,33.9899],[131.4535,33.9866],[131.4499,33.9815],[131.4427,33.9781],[131.4355,33.9798],[131.4283,33.9866],[131.4247,33.9933],[131.4211,34.0001],[131.4139,33.9899],[131.4103,33.9832],[131.4031,33.9815],[131.3923,33.9866],[131.4031,34.0001],[131.4031,34.0169],[131.3995,34.0321],[131.3887,34.0389],[131.3815,34.0338],[131.3563,33.9899],[131.3311,33.9629],[131.3203,33.9528],[131.2735,33.9275],[131.2591,33.9241],[131.2483,33.9376],[131.2411,33.9342],[131.2339,33.9325],[131.2267,33.9342],[131.2231,33.941],[131.2195,33.9511],[131.2159,33.9511],[131.2087,33.9477],[131.2015,33.9443],[131.2015,33.9426],[131.1943,33.9376],[131.1871,33.9325],[131.1799,33.9308],[131.1727,33.9342],[131.1691,33.9426],[131.1619,33.9528],[131.1619,33.9646],[131.1655,33.973],[131.1655,33.9764],[131.1583,33.9781],[131.1223,34.0001],[131.1043,34.0305],[131.0719,34.0372],[131.0359,34.0473],[131.0143,34.0153],[130.9675,33.9714],[130.9315,33.946],[130.9279,33.9224],[130.9171,33.9139],[130.8991,33.9241],[130.8955,33.9325],[130.8811,33.9376],[130.8811,33.9511],[130.8991,33.9494],[130.9099,33.973],[130.9063,33.9849],[130.9135,34.0001],[130.9171,34.0102],[130.9135,34.022],[130.9063,34.0288],[130.9135,34.0541],[130.9027,34.0659],[130.8775,34.0676],[130.8739,34.0777],[130.8703,34.0912],[130.8631,34.1014],[130.8631,34.1132],[130.8739,34.1284],[130.8847,34.1385],[130.8991,34.1453],[130.9099,34.1537],[130.9207,34.1706],[130.9243,34.1841],[130.9207,34.1926],[130.9171,34.1993],[130.9099,34.2246],[130.8955,34.2449],[130.8955,34.2567],[130.8919,34.2601],[130.8775,34.2702],[130.8703,34.2787],[130.8739,34.2871],[130.8811,34.2939],[130.8847,34.3006],[130.8883,34.331],[130.8919,34.3428],[130.8991,34.3547],[130.9099,34.3513],[130.9279,34.3496],[130.9423,34.3513],[130.9495,34.358],[130.9531,34.3614],[130.9963,34.3699],[131.0107,34.3766],[131.0323,34.3817],[131.0179,34.3935],[131.0035,34.3935],[130.9639,34.4003],[130.9567,34.4036],[130.9495,34.3952],[130.9459,34.3918],[130.9351,34.3952],[130.9387,34.407],[130.9495,34.4188],[130.9603,34.4273],[130.9747,34.4391],[130.9891,34.4357],[131.0035,34.4256],[130.9999,34.4155],[131.0107,34.4104],[131.0215,34.4087],[131.0359,34.4104],[131.0503,34.4155],[131.0611,34.4205],[131.0755,34.4256],[131.1007,34.4138],[131.1151,34.4104],[131.1331,34.4121],[131.1403,34.3783],[131.1547,34.3699],[131.1727,34.3682],[131.1799,34.3783],[131.1907,34.3935],[131.1727,34.4104],[131.1691,34.4171],[131.1727,34.429],[131.1943,34.4256],[131.2087,34.429],[131.2339,34.434],[131.2519,34.4374],[131.2663,34.4273],[131.2807,34.4087],[131.2663,34.4087],[131.2519,34.4188],[131.2411,34.4205],[131.2303,34.4171],[131.2231,34.4087],[131.2159,34.3969],[131.2123,34.3834],[131.2087,34.3699],[131.2159,34.3715],[131.2303,34.38],[131.2375,34.3817],[131.2843,34.3834],[131.3239,34.3935],[131.3347,34.4155],[131.3635,34.4155],[131.4139,34.4239],[131.4139,34.4543],[131.4247,34.4661],[131.4571,34.4897],[131.4607,34.4999],[131.4535,34.5185],[131.4607,34.5235],[131.4823,34.5269],[131.5219,34.5522],[131.5363,34.5657],[131.5507,34.5809],[131.5543,34.5928],[131.5579,34.6147],[131.5651,34.6198],[131.5867,34.6181],[131.5975,34.6164],[131.5939,34.6248],[131.5939,34.6417],[131.5975,34.6603],[131.6155,34.6654],[131.6299,34.6586],[131.6551,34.6535],[131.6695,34.662],[131.6731,34.6704],[131.6803,34.6755],[131.7127,34.6721],[131.7451,34.6755],[131.7919,34.6856],[131.8243,34.6974],[131.8423,34.7059],[131.8567,34.7143],[131.8639,34.738],[131.8675,34.7464],[131.8747,34.7599],[131.8963,34.7633],[131.8999,34.7701],[131.9251,34.7886],[131.9575,34.8123],[131.9971,34.8376],[132.0223,34.8663],[132.0331,34.8764],[132.0547,34.8731],[132.0619,34.8849],[132.0619,34.9068],[132.1123,34.9423],[132.1303,34.9592],[132.1591,34.9761],[132.2167,35.0132],[132.2347,35.0352],[132.2707,35.0402],[132.2923,35.0487],[132.3175,35.0622],[132.3283,35.0926],[132.3571,35.1111],[132.3787,35.1247],[132.3895,35.1348],[132.3859,35.1449],[132.4039,35.1601],[132.4075,35.1753],[132.4687,35.2125],[132.4975,35.2327],[132.5299,35.2445],[132.5335,35.2581],[132.5515,35.2631],[132.5767,35.2732],[132.6199,35.2851],[132.6379,35.2952],[132.6523,35.3121],[132.6631,35.329],[132.6703,35.3543],[132.6739,35.3729],[132.6739,35.3847],[132.6703,35.3999],[132.6523,35.4066],[132.6307,35.4202],[132.6235,35.4303],[132.6343,35.4404],[132.6559,35.4438],[132.6811,35.4489],[132.7027,35.4489],[132.7351,35.4489],[132.7495,35.4522],[132.7531,35.4556],[132.7459,35.4641],[132.7243,35.4708],[132.7351,35.4725],[132.7531,35.4776],[132.7747,35.4809],[132.8035,35.4945],[132.8359,35.5063],[132.8647,35.5113],[132.9223,35.513],[132.9475,35.5181],[132.9691,35.5164],[132.9727,35.5417],[132.9907,35.5451],[133.0159,35.54],[133.0339,35.5468],[133.0411,35.562],[133.0519,35.5738],[133.0663,35.5806],[133.0807,35.5755],[133.0915,35.5873],[133.0915,35.6008],[133.1059,35.5975],[133.1203,35.5856],[133.1419,35.5704],[133.1563,35.562],[133.1887,35.5721],[133.2067,35.5721],[133.2247,35.5823],[133.2319,35.5789],[133.2247,35.5687],[133.2283,35.5654],[133.2391,35.5637],[133.2463,35.5671],[133.2679,35.5738],[133.2859,35.5755],[133.3075,35.5772],[133.3255,35.5687],[133.3111,35.562],[133.3003,35.5586],[133.2859,35.5536],[133.2715,35.5502],[133.2571,35.5367],[133.2535,35.5333],[133.2535,35.5215],[133.2607,35.5096],[133.2643,35.4961],[133.2931,35.4809],[133.3291,35.4657],[133.3615,35.4607],[133.3795,35.4556],[133.4011,35.4539],[133.4191,35.4573],[133.4407,35.4911],[133.4911,35.5096],[133.5271,35.5232],[133.5811,35.5333],[133.6315,35.5215],[133.7323,35.5029],[133.9123,35.5147],[134.0095,35.5367],[134.0347,35.5198],[134.1751,35.5367],[134.2363,35.5468],[134.2615,35.5536],[134.2831,35.5654],[134.2939,35.5856],[134.3443,35.5941],[134.3515,35.5941],[134.3623,35.5958],[134.3767,35.611],[134.4127,35.6211],[134.4667,35.638],[134.4991,35.6532],[134.5387,35.6718],[134.5891,35.6599],[134.6467,35.665],[134.6899,35.6633],[134.7655,35.6667],[134.7979,35.665],[134.8123,35.6616],[134.8339,35.6566],[134.8411,35.6447],[134.8627,35.6582],[134.8807,35.6566],[134.8843,35.6464],[134.8987,35.6498],[134.9167,35.6447],[134.9275,35.6414],[134.9455,35.6549],[134.9527,35.6582],[134.9635,35.6616],[134.9599,35.6734],[134.9887,35.6903],[135.0104,35.6903],[135.0284,35.6937],[135.0464,35.7021],[135.086,35.7258],[135.0824,35.7393],[135.1328,35.7511],[135.1832,35.7596],[135.2084,35.7629],[135.2264,35.7731],[135.2516,35.7579],[135.2624,35.7393],[135.2768,35.7309],[135.2912,35.7123],[135.3056,35.6886],[135.3056,35.6718],[135.2984,35.6582],[135.2804,35.6684],[135.2588,35.6566],[135.248,35.6363],[135.2408,35.6228],[135.2336,35.6143],[135.2048,35.5873],[135.1868,35.5654],[135.1868,35.5451],[135.1976,35.54],[135.2084,35.5417],[135.2084,35.5586],[135.2228,35.5687],[135.2336,35.5839],[135.248,35.5924],[135.2552,35.5704],[135.266,35.5671],[135.2696,35.5637],[135.2624,35.5569],[135.2516,35.5569],[135.2408,35.5586],[135.2372,35.5417],[135.302,35.513],[135.3164,35.5181],[135.3236,35.5248],[135.3344,35.508],[135.3308,35.4945],[135.3236,35.486],[135.3164,35.4674],[135.3128,35.459],[135.32,35.4472],[135.3308,35.4539],[135.3416,35.4708],[135.3524,35.4877],[135.3704,35.486],[135.3956,35.4759],[135.4028,35.4826],[135.4028,35.5063],[135.374,35.5012],[135.3488,35.5096],[135.338,35.5367],[135.3596,35.5536],[135.374,35.5569],[135.4028,35.5586],[135.4172,35.562],[135.4244,35.5704],[135.4352,35.5806],[135.4388,35.5907],[135.464,35.6025],[135.4568,35.5873],[135.4532,35.5721],[135.4712,35.5654],[135.482,35.5586],[135.4784,35.5434],[135.482,35.5333],[135.4784,35.5265],[135.4784,35.5232],[135.4892,35.5215],[135.4964,35.5232],[135.5036,35.5316],[135.5108,35.5485],[135.5108,35.5299],[135.5072,35.5113],[135.5108,35.4978],[135.5288,35.4928],[135.5576,35.4911],[135.5684,35.4928],[135.5756,35.4961],[135.5972,35.5046],[135.6044,35.5164],[135.626,35.5316],[135.6476,35.5434],[135.6692,35.535],[135.6656,35.5299],[135.6404,35.5215],[135.6332,35.4928],[135.6224,35.486],[135.644,35.4809],[135.698,35.4911],[135.7232,35.4911],[135.7376,35.4995],[135.7484,35.513],[135.7484,35.5333],[135.7196,35.5215],[135.7088,35.54],[135.6908,35.5451],[135.7052,35.562],[135.7376,35.5704],[135.7484,35.5637],[135.7556,35.5485],[135.7772,35.5502],[135.7952,35.5316],[135.8096,35.5265],[135.8348,35.535],[135.824,35.5384],[135.8168,35.5468],[135.8024,35.5687],[135.806,35.5755],[135.8168,35.5772],[135.8276,35.5687],[135.8384,35.5738],[135.8564,35.5789],[135.8528,35.5856],[135.8456,35.5924],[135.8384,35.5991],[135.8348,35.6127],[135.8312,35.6177],[135.8168,35.6312],[135.8132,35.643],[135.824,35.6447],[135.842,35.6329],[135.8528,35.6245],[135.8672,35.6177],[135.9032,35.6245],[135.9104,35.6143],[135.9212,35.6076],[135.9392,35.6177],[135.95,35.6295],[135.9716,35.6262],[135.9824,35.6312],[135.9824,35.643],[135.9644,35.6549],[135.9716,35.6768],[135.9752,35.6903],[135.9716,35.7021],[135.9572,35.7005],[135.9572,35.7292],[135.9824,35.7393],[136.0184,35.7646],[136.0328,35.746],[136.0328,35.7376],[136.04,35.7224],[136.0472,35.7038],[136.0436,35.692],[136.0328,35.692],[136.0256,35.6802],[136.0436,35.6701],[136.0472,35.6582],[136.0688,35.6616],[136.076,35.6785],[136.0832,35.6836],[136.0832,35.6903],[136.0832,35.7038],[136.094,35.7157],[136.094,35.7241],[136.094,35.7427],[136.1012,35.7596],[136.1012,35.7764],[136.0868,35.795],[136.076,35.8119],[136.0688,35.8254],[136.0472,35.8389],[136.0112,35.871],[135.9932,35.8845],[135.9968,35.9132],[135.9932,35.9352],[135.9716,35.9605],[135.9572,35.9723],[135.9644,35.9993],[135.986,36.0112],[136.0004,36.0247],[136.0184,36.0567],[136.0328,36.0804],[136.0436,36.1108],[136.094,36.1614],[136.1084,36.1851],[136.1192,36.2003],[136.1336,36.2239],[136.1192,36.2459],[136.1228,36.2526],[136.1444,36.2543],[136.1624,36.2526],[136.1984,36.2644],[136.2776,36.3219],[136.2992,36.3472],[136.346,36.3658],[136.382,36.3911],[136.4288,36.4333],[136.6412,36.6629],[136.688,36.7305],[136.76,36.8706],[136.7672,36.8892],[136.7672,36.9129],[136.76,36.9196],[136.7492,36.9264],[136.7528,36.9348],[136.76,36.9517],[136.7672,36.9804],[136.76,37.0007],[136.742,37.0142],[136.7312,37.0479],[136.7204,37.0547],[136.7168,37.0766],[136.7276,37.1273],[136.7204,37.1425],[136.7096,37.1493],[136.6988,37.1476],[136.6952,37.1357],[136.6772,37.1374],[136.67,37.1493],[136.6736,37.1763],[136.6808,37.1982],[136.6916,37.2151],[136.706,37.2286],[136.6988,37.2388],[136.7132,37.2506],[136.7276,37.2691],[136.7348,37.2843],[136.724,37.2979],[136.7204,37.3249],[136.7492,37.3586],[136.7852,37.3738],[136.8428,37.3992],[136.8824,37.4076],[136.904,37.3992],[136.9364,37.3992],[137.0444,37.4481],[137.0732,37.4532],[137.0912,37.4735],[137.1128,37.487],[137.2568,37.5241],[137.2964,37.5309],[137.3396,37.5174],[137.3504,37.5055],[137.3432,37.487],[137.3468,37.4752],[137.3576,37.4667],[137.3576,37.4532],[137.3504,37.4464],[137.3252,37.4397],[137.3072,37.4397],[137.2856,37.4431],[137.2676,37.4363],[137.2532,37.4296],[137.246,37.4144],[137.2388,37.3806],[137.2496,37.357],[137.2676,37.3553],[137.264,37.3401],[137.264,37.3266],[137.2568,37.3147],[137.2388,37.3012],[137.2316,37.2928],[137.21,37.2928],[137.1668,37.3012],[137.1092,37.2827],[137.0912,37.2607],[137.0696,37.2388],[137.0696,37.2185],[137.0552,37.21],[137.0336,37.205],[137.0264,37.1915],[137.0156,37.1847],[136.9796,37.1965],[136.9616,37.2067],[136.9472,37.2168],[136.958,37.2286],[136.9616,37.2354],[136.9508,37.2337],[136.9436,37.2252],[136.9292,37.2219],[136.9256,37.2134],[136.9148,37.1982],[136.8932,37.1729],[136.8788,37.1442],[136.8968,37.1391],[136.8932,37.1172],[136.886,37.1104],[136.868,37.1104],[136.868,37.0885],[136.8608,37.0766],[136.8752,37.0699],[136.8932,37.0733],[136.9148,37.0817],[136.9328,37.08],[136.9616,37.0513],[136.9796,37.0463],[137.0048,37.0547],[137.0228,37.0952],[137.0372,37.102],[137.048,37.0986],[137.0552,37.08],[137.048,37.0226],[137.0552,36.9669],[137.0264,36.9382],[137.0264,36.9145],[136.9868,36.8706],[137.0048,36.8352],[137.0516,36.8115],[137.0804,36.7896],[137.1272,36.7761],[137.156,36.7609],[137.1956,36.7575],[137.2424,36.7643],[137.3,36.7575],[137.3324,36.7626],[137.3504,36.7828],[137.3828,36.7997],[137.3936,36.8267],[137.408,36.8453],[137.4116,36.8622],[137.4188,36.8774],[137.4152,36.8977],[137.426,36.9213],[137.4476,36.9331],[137.498,36.9551],[137.588,36.9703],[137.6816,36.9872],[137.8076,37.0311],[137.8976,37.0581],[137.9984,37.1104],[138.0524,37.1307],[138.0776,37.1493],[138.0992,37.1712],[138.164,37.1611],[138.2072,37.1695],[138.2432,37.183],[138.326,37.2303],[138.4376,37.3215],[138.5492,37.3772],[138.578,37.4025],[138.596,37.4346],[138.6212,37.4768],[138.6608,37.5241],[138.7184,37.5646],[138.7472,37.5967],[138.7652,37.6339],[138.8084,37.7605],[138.8264,37.7977],[138.8588,37.8281],[138.9308,37.8753],[139.0604,37.9463],[139.0676,37.9547],[139.0928,37.9547],[139.1324,37.9581],[139.2152,37.9902],[139.2404,38.0037],[139.3052,38.0425],[139.4096,38.132],[139.424,38.1506],[139.4312,38.1692],[139.4636,38.3752],[139.4744,38.4123],[139.4924,38.4545],[139.5284,38.5086],[139.5788,38.6065],[139.6004,38.6487],[139.6256,38.6808],[139.7156,38.745],[139.748,38.7787],[139.7732,38.8176],[139.8164,38.9408],[139.856,39.032],[139.8668,39.0624],[139.874,39.0979],[139.8812,39.1148],[139.892,39.1333],[139.8956,39.1519],[139.8992,39.1941],[139.9028,39.2245],[139.9172,39.2617],[139.9316,39.287],[139.964,39.2988],[139.9964,39.3275],[140.0216,39.4069],[140.0468,39.5048],[140.0576,39.6973],[140.0576,39.7277],[140.0396,39.7699],[140.0396,39.7936],[140.0288,39.824],[140.0036,39.851],[139.9676,39.8797],[139.9208,39.8983],[139.8776,39.8932],[139.8632,39.8831],[139.856,39.8712],[139.8452,39.8611],[139.8272,39.8577],[139.7588,39.8577],[139.7516,39.8662],[139.7372,39.8915],[139.73,39.9033],[139.7084,39.9236],[139.7048,39.9455],[139.7192,39.9523],[139.7012,39.9607],[139.6976,39.9878],[139.7012,40.0063],[139.7444,39.9827],[139.802,39.9624],[139.8236,39.9607],[139.8668,39.9844],[139.9028,40.0181],[139.9784,40.1262],[139.9928,40.1701],[139.9892,40.1904],[140.0036,40.2225],[140.0108,40.236],[140.0216,40.3339],[140.0252,40.3542],[140.0108,40.3677],[140,40.3778],[139.964,40.4031],[139.946,40.4183],[139.9424,40.4352],[139.946,40.4774],[139.9424,40.5213],[139.9424,40.545],[139.9316,40.5551],[139.928,40.5703],[139.9136,40.5855],[139.8776,40.5838],[139.856,40.5906],[139.8596,40.6092],[139.8812,40.626],[139.8992,40.6429],[139.9244,40.6463],[139.9388,40.6699],[139.9604,40.6784],[139.9712,40.6936],[139.9856,40.7172],[139.9964,40.7425],[140.0468,40.7679],[140.0684,40.7662],[140.0936,40.7493],[140.108,40.7442],[140.1224,40.7442],[140.1404,40.7493],[140.1548,40.7611],[140.198,40.7865],[140.2196,40.778],[140.2412,40.7831],[140.2592,40.7949],[140.27,40.8118],[140.2952,40.8743],[140.3096,40.9367],[140.3168,40.9536],[140.3168,40.979],[140.3204,40.9992],[140.3204,41.0279],[140.324,41.0279],[140.342,41.0043],[140.3492,40.9975],[140.3636,40.9925],[140.3708,40.9857],[140.3816,40.9891],[140.3744,41.0127],[140.3708,41.0212],[140.378,41.0279],[140.3852,41.0296],[140.396,41.0262],[140.4068,41.0262],[140.4032,41.0347],[140.3996,41.0397],[140.378,41.0381],[140.3672,41.0381],[140.3492,41.0381],[140.3456,41.0448],[140.342,41.0499],[140.3348,41.0448],[140.3276,41.0414],[140.324,41.0448],[140.324,41.0701],[140.3204,41.0836],[140.2988,41.1107],[140.2808,41.1191],[140.2664,41.1208],[140.2484,41.1242],[140.2448,41.1343],[140.2556,41.1394],[140.2808,41.1411],[140.3024,41.136],[140.3204,41.1495],[140.3276,41.1714],[140.3312,41.1917],[140.3276,41.2018],[140.3312,41.212],[140.3312,41.2373],[140.342,41.2457],[140.3384,41.2593],[140.342,41.266],[140.36,41.2542],[140.378,41.2441],[140.3924,41.2407],[140.4104,41.2255],[140.4356,41.1985],[140.4608,41.1833],[140.4824,41.1833],[140.5112,41.1985],[140.5256,41.2204],[140.5472,41.2255],[140.594,41.2204],[140.6336,41.1951],[140.6444,41.1714],[140.6372,41.1444],[140.6336,41.1157],[140.63,41.1056],[140.63,41.0938],[140.6372,41.0718],[140.6408,41.0414],[140.6552,41.0077],[140.6732,40.8962],[140.702,40.854],[140.7524,40.8354],[140.7992,40.8388],[140.8316,40.8675],[140.8532,40.8844],[140.8712,40.9148],[140.864,40.9215],[140.864,40.9334],[140.8676,40.9418],[140.8712,40.9452],[140.864,40.9469],[140.8532,40.9452],[140.846,40.9469],[140.8388,40.9536],[140.8496,40.957],[140.8604,40.957],[140.8604,40.9654],[140.8604,40.9722],[140.8712,40.9773],[140.8676,40.984],[140.8712,40.9891],[140.882,41.0077],[140.8892,41.011],[140.9036,41.0093],[140.9144,40.9958],[140.9396,40.9941],[140.9504,40.9908],[140.9576,40.9773],[140.9648,40.9688],[140.9828,40.9604],[140.9828,40.9536],[140.9792,40.9519],[140.9756,40.9469],[140.9756,40.9384],[140.9792,40.935],[140.99,40.935],[141.0116,40.93],[141.0332,40.9182],[141.0476,40.9148],[141.0584,40.9165],[141.0692,40.9114],[141.0728,40.8996],[141.0836,40.8861],[141.0944,40.881],[141.1124,40.8726],[141.1268,40.8726],[141.1484,40.8793],[141.1628,40.8911],[141.1844,40.9114],[141.2276,40.9874],[141.2348,41.0161],[141.242,41.082],[141.2492,41.0988],[141.2456,41.1073],[141.2528,41.1191],[141.2636,41.1259],[141.2708,41.136],[141.278,41.1546],[141.2708,41.185],[141.2564,41.212],[141.2348,41.2373],[141.206,41.2643],[141.1844,41.2778],[141.1628,41.2778],[141.152,41.2643],[141.1448,41.2559],[141.1376,41.2474],[141.1376,41.2424],[141.1448,41.2424],[141.1484,41.2491],[141.1556,41.2542],[141.1592,41.2559],[141.1592,41.2525],[141.1556,41.2474],[141.1484,41.2356],[141.1124,41.2137],[141.0944,41.2103],[141.0728,41.1968],[141.0584,41.1833],[141.0332,41.1866],[141.0044,41.1951],[140.9936,41.1934],[140.9792,41.1968],[140.9648,41.19],[140.9468,41.1731],[140.9072,41.1731],[140.8892,41.163],[140.8748,41.1664],[140.864,41.1647],[140.828,41.1461],[140.8136,41.1292],[140.7992,41.1292],[140.7668,41.1444],[140.7668,41.185],[140.7668,41.1968],[140.7776,41.2069],[140.7848,41.2356],[140.7812,41.2525],[140.792,41.2778],[140.7992,41.3032],[140.8028,41.3217],[140.8028,41.3302],[140.8136,41.3369],[140.8244,41.3639],[140.828,41.3876],[140.8352,41.418],[140.8532,41.4298],[140.8856,41.4669],[140.8964,41.4754],[140.9,41.4805],[140.9072,41.5007],[140.9072,41.5125],[140.9,41.5244],[140.9036,41.5277],[140.9072,41.5379],[140.9144,41.5463],[140.9252,41.5328],[140.9504,41.5227],[140.9648,41.5092],[140.9792,41.4973],[140.9936,41.4906],[141.0044,41.4872],[141.0224,41.4838],[141.0656,41.4805],[141.1088,41.4636],[141.1412,41.4332],[141.1592,41.4163],[141.1808,41.4062],[141.1844,41.3977],[141.1952,41.3876],[141.2348,41.3673],[141.2744,41.3538],[141.3176,41.3538],[141.35,41.3606],[141.3824,41.3724],[141.4112,41.391],[141.4328,41.4062],[141.4472,41.418],[141.4616,41.4298],[141.4652,41.4264],[141.4652,41.4197],[141.4616,41.4129],[141.4652,41.4045],[141.4616,41.4011],[141.4544,41.396],[141.4544,41.3927],[141.4616,41.3876],[141.458,41.3775],[141.4436,41.3656],[141.44,41.3504],[141.4328,41.3302],[141.422,41.3133],[141.4076,41.2559],[141.404,41.2305],[141.404,41.2204],[141.3896,41.1613],[141.3932,41.1377],[141.3968,41.1275],[141.3932,41.1157],[141.3932,41.1022],[141.3968,41.0921],[141.386,41.0296],[141.3896,40.9773],[141.3896,40.9334],[141.3932,40.9215],[141.404,40.8168],[141.422,40.7257],[141.4364,40.6699],[141.4688,40.594],[141.4832,40.5737],[141.4904,40.5619],[141.5192,40.5382],[141.5336,40.5315],[141.548,40.5315],[141.5588,40.5399],[141.5768,40.5416],[141.5804,40.5332],[141.5876,40.5213],[141.6236,40.5011],[141.6812,40.4504],[141.692,40.442],[141.7208,40.4133],[141.7244,40.393],[141.7424,40.3846],[141.7532,40.3694],[141.7568,40.3592],[141.7712,40.3339],[141.7748,40.3272],[141.7784,40.3153],[141.7856,40.3069],[141.8036,40.29],[141.8288,40.2512],[141.8432,40.2258],[141.836,40.214],[141.8252,40.2106],[141.8144,40.2022],[141.8108,40.1921],[141.8144,40.1836],[141.8252,40.1752],[141.854,40.1667],[141.8648,40.16],[141.8756,40.1397],[141.8648,40.1279],[141.8468,40.1144],[141.836,40.0941],[141.8432,40.0705],[141.854,40.0553],[141.9188,40.008],[141.9296,40.0046],[141.9404,40.0013],[141.9512,39.9962],[141.9548,39.9742],[141.9584,39.9641],[141.962,39.954],[141.9584,39.9439],[141.944,39.932],[141.944,39.9253],[141.9512,39.9067],[141.9584,39.8983],[141.9656,39.8915],[141.9728,39.8831],[141.9764,39.8527],[141.98,39.8392],[142.0016,39.7784],[142.0052,39.7733],[142.0052,39.7682],[142.0052,39.7598],[142.0088,39.753],[142.0052,39.7446],[141.9944,39.7345],[141.9908,39.7311],[141.9836,39.7075],[141.98,39.6619],[141.98,39.6484],[141.9656,39.6264],[141.962,39.6112],[141.9656,39.5977],[142.0124,39.6365],[142.0376,39.6382],[142.0304,39.6298],[142.0304,39.623],[142.0304,39.618],[142.0376,39.6112],[142.0268,39.5943],[142.0304,39.5842],[142.0592,39.5622],[142.0628,39.5605],[142.0664,39.5572],[142.07,39.5504],[142.07,39.5403],[142.0664,39.5369],[142.0592,39.5335],[142.0556,39.5268],[142.052,39.5234],[142.016,39.4879],[141.998,39.4812],[141.9656,39.4711],[141.9512,39.4609],[141.9692,39.444],[141.998,39.4457],[142.0196,39.4592],[142.0304,39.4778],[142.0376,39.4846],[142.052,39.4778],[142.0592,39.466],[142.0448,39.4609],[142.0412,39.4542],[142.0376,39.4407],[142.0376,39.4238],[142.0304,39.417],[142.0088,39.4153],[142.0016,39.4136],[141.9908,39.4136],[141.98,39.412],[141.9728,39.4069],[141.9512,39.3917],[141.9404,39.3849],[141.9656,39.3748],[141.9548,39.3613],[141.926,39.3461],[141.9044,39.3309],[141.926,39.3241],[141.9476,39.3309],[141.9656,39.341],[141.98,39.3512],[141.9836,39.3275],[141.962,39.3123],[141.9152,39.2954],[141.9224,39.2904],[141.9296,39.2836],[141.9332,39.2752],[141.926,39.2752],[141.908,39.2752],[141.9008,39.2752],[141.8972,39.2617],[141.9008,39.2482],[141.9332,39.2482],[141.9476,39.2498],[141.9476,39.2482],[141.9476,39.2279],[141.9296,39.2127],[141.9008,39.2043],[141.8792,39.2076],[141.8828,39.1924],[141.8936,39.1874],[141.926,39.1874],[141.9152,39.1705],[141.8936,39.1587],[141.8684,39.1536],[141.8432,39.1519],[141.8612,39.1384],[141.908,39.1097],[141.9116,39.0979],[141.89,39.0894],[141.836,39.1046],[141.818,39.0911],[141.8612,39.0725],[141.872,39.0624],[141.8612,39.059],[141.8468,39.0573],[141.836,39.0557],[141.8216,39.0573],[141.8216,39.0489],[141.8324,39.0438],[141.8468,39.0354],[141.854,39.0253],[141.8468,39.0219],[141.8072,39.0286],[141.7676,39.0253],[141.746,39.027],[141.728,39.0371],[141.728,39.0219],[141.7352,39.0101],[141.7424,38.9999],[141.7496,38.9881],[141.7352,38.9898],[141.728,38.9881],[141.7136,38.9746],[141.728,38.9695],[141.7352,38.9611],[141.7316,38.951],[141.7172,38.9476],[141.7028,38.951],[141.692,38.9594],[141.6812,38.9712],[141.674,38.9814],[141.6848,38.9864],[141.692,38.9949],[141.6524,38.9966],[141.638,38.9847],[141.6416,38.9645],[141.6452,38.9223],[141.6704,38.8733],[141.674,38.8513],[141.6524,38.8649],[141.6488,38.8699],[141.6452,38.8834],[141.6416,38.8885],[141.638,38.8919],[141.6308,38.8902],[141.6236,38.8868],[141.6164,38.8851],[141.5984,38.8851],[141.5876,38.8817],[141.584,38.8733],[141.584,38.8547],[141.5876,38.8345],[141.5876,38.826],[141.5876,38.8193],[141.5732,38.8058],[141.53,38.7804],[141.5228,38.7686],[141.5336,38.7635],[141.5372,38.7568],[141.548,38.7416],[141.566,38.7281],[141.5732,38.7179],[141.566,38.7027],[141.5588,38.6994],[141.5552,38.7027],[141.548,38.7078],[141.5444,38.7078],[141.5372,38.7044],[141.5264,38.6892],[141.5156,38.6842],[141.4904,38.6774],[141.4796,38.6724],[141.4616,38.6605],[141.4616,38.6555],[141.4724,38.6453],[141.4868,38.6403],[141.5336,38.6386],[141.5336,38.6318],[141.5264,38.6183],[141.5192,38.6031],[141.512,38.5981],[141.4688,38.5694],[141.4832,38.5575],[141.4976,38.5423],[141.5156,38.5356],[141.53,38.5491],[141.5408,38.5339],[141.548,38.5187],[141.548,38.5018],[141.5444,38.4815],[141.53,38.4832],[141.5228,38.49],[141.5192,38.4984],[141.5156,38.5086],[141.5012,38.4697],[141.494,38.4613],[141.5012,38.4579],[141.5048,38.4545],[141.5048,38.4512],[141.5084,38.4461],[141.4832,38.441],[141.4724,38.436],[141.4688,38.4292],[141.476,38.4191],[141.476,38.4089],[141.476,38.4022],[141.4868,38.392],[141.4976,38.3988],[141.5192,38.4022],[141.5372,38.3988],[141.548,38.3853],[141.5336,38.3904],[141.5192,38.3904],[141.5084,38.3853],[141.5012,38.3718],[141.5264,38.36],[141.53,38.3397],[141.53,38.3178],[141.5444,38.3026],[141.5372,38.2958],[141.5264,38.2671],[141.5192,38.2705],[141.4904,38.2924],[141.4832,38.2958],[141.4688,38.2958],[141.4616,38.2992],[141.4616,38.3059],[141.4616,38.3127],[141.4688,38.3178],[141.4688,38.3228],[141.458,38.3313],[141.4256,38.3431],[141.4292,38.3498],[141.44,38.3718],[141.4292,38.3802],[141.4184,38.3802],[141.4112,38.3785],[141.3968,38.3769],[141.386,38.3802],[141.3752,38.3853],[141.3536,38.4022],[141.332,38.4089],[141.3032,38.4072],[141.2312,38.3937],[141.2024,38.3853],[141.1808,38.3718],[141.1736,38.3481],[141.1736,38.3245],[141.17,38.3228],[141.152,38.3228],[141.1484,38.3296],[141.1304,38.3718],[141.1232,38.3667],[141.116,38.365],[141.1052,38.3667],[141.098,38.3718],[141.08,38.3617],[141.0656,38.3465],[141.0548,38.3296],[141.0476,38.3093],[141.0584,38.3144],[141.0692,38.3144],[141.08,38.311],[141.0836,38.3026],[141.08,38.2941],[141.0728,38.289],[141.062,38.284],[141.0512,38.2789],[141.0188,38.2451],[140.9864,38.2063],[140.9684,38.1708],[140.9252,38.0493],[140.918,38.0071],[140.918,37.9648],[140.9324,37.8922],[140.9324,37.8889],[140.9576,37.85],[140.9936,37.7994],[141.0044,37.7639],[141.008,37.7504],[141.0188,37.7403],[141.0224,37.7268],[141.0224,37.7065],[141.0188,37.698],[141.008,37.6845],[141.008,37.6795],[141.0116,37.6727],[141.026,37.6575],[141.0296,37.6474],[141.0404,37.3772],[141.0368,37.3451],[141.0152,37.2708],[141.0152,37.2404],[141.008,37.2269],[141.008,37.1341],[141.0044,37.1222],[140.9864,37.0902],[140.9756,37.0024],[140.9612,36.9669],[140.9252,36.9382],[140.918,36.9365],[140.8928,36.9314],[140.8604,36.9145],[140.8352,36.9078],[140.8208,36.8943],[140.8136,36.8909],[140.8028,36.8858],[140.8028,36.874],[140.8028,36.8571],[140.7956,36.847],[140.792,36.8369],[140.7524,36.7845],[140.7416,36.7676],[140.6948,36.6174],[140.6372,36.5397],[140.6228,36.5059],[140.6084,36.4333],[140.612,36.4181],[140.6228,36.3793],[140.6264,36.3641],[140.6156,36.3371],[140.5796,36.305],[140.5652,36.283],[140.5652,36.2459],[140.5796,36.1614],[140.6084,36.0956],[140.6444,36.0128],[140.7884,35.8085],[140.8316,35.7612],[140.8424,35.7427],[140.8532,35.7376],[140.8604,35.7359],[140.864,35.7342],[140.8748,35.7292],[140.8784,35.7207],[140.8676,35.6971],[140.8604,35.6869],[140.846,35.6954],[140.8388,35.7038],[140.828,35.714],[140.8028,35.7089],[140.7704,35.6971],[140.72,35.6819],[140.7164,35.6988],[140.6624,35.6886],[140.5976,35.6515],[140.4824,35.5654],[140.4248,35.4911],[140.3852,35.3813],[140.4068,35.329],[140.414,35.302],[140.4032,35.2597],[140.3996,35.2226],[140.3924,35.1973],[140.378,35.177],[140.3492,35.1804],[140.3312,35.1584],[140.3348,35.1415],[140.3204,35.1297],[140.3024,35.1331],[140.2952,35.1466],[140.2772,35.1314],[140.252,35.1348],[140.2376,35.1128],[140.2016,35.1145],[140.1548,35.1179],[140.1332,35.123],[140.1044,35.0976],[140.1008,35.0757],[140.0756,35.0588],[140.054,35.0588],[140.0216,35.0385],[139.9892,35.02],[139.982,35.0081],[139.9748,34.9896],[139.964,34.9761],[139.964,34.9592],[139.9604,34.9406],[139.9532,34.9288],[139.9424,34.9186],[139.928,34.9068],[139.8992,34.9034],[139.8812,34.9018],[139.8704,34.9051],[139.856,34.9018],[139.8416,34.9001],[139.838,34.9051],[139.8236,34.9119],[139.8236,34.922],[139.8236,34.9355],[139.8092,34.944],[139.7804,34.9541],[139.7552,34.9558],[139.7516,34.9642],[139.7516,34.9761],[139.766,34.9761],[139.784,34.9744],[139.7948,34.9727],[139.8092,34.9761],[139.82,34.9811],[139.8272,34.9896],[139.8416,34.9913],[139.8596,34.9862],[139.8668,34.9913],[139.8704,34.9997],[139.8668,35.0132],[139.856,35.0216],[139.8344,35.0267],[139.8344,35.0368],[139.8452,35.047],[139.8488,35.0588],[139.8488,35.0689],[139.838,35.0875],[139.8344,35.0993],[139.838,35.1348],[139.82,35.1584],[139.8236,35.1702],[139.82,35.1854],[139.8236,35.199],[139.8524,35.2141],[139.8668,35.2243],[139.8668,35.2462],[139.8488,35.2716],[139.8488,35.2935],[139.8092,35.3053],[139.7804,35.3138],[139.7804,35.3188],[139.802,35.3172],[139.8236,35.329],[139.8236,35.3475],[139.838,35.3594],[139.8452,35.3763],[139.892,35.3644],[139.9064,35.3779],[139.9064,35.3931],[139.8992,35.4235],[139.9136,35.4337],[139.9424,35.4421],[139.9604,35.4556],[139.982,35.459],[140.0072,35.4742],[140.0216,35.4911],[140.0432,35.513],[140.072,35.5434],[140.09,35.54],[140.0972,35.5552],[140.1008,35.5671],[140.0864,35.5671],[140.0828,35.5856],[140.0792,35.6042],[140.0648,35.616],[140.0468,35.6312],[140.0324,35.6414],[140.0072,35.6599],[139.9964,35.6566],[139.982,35.6684],[139.9496,35.6718],[139.9208,35.6616],[139.9388,35.6363],[139.9136,35.6245],[139.8956,35.6143],[139.892,35.6228],[139.8812,35.6245],[139.8704,35.6312],[139.8632,35.6312],[139.8488,35.638],[139.8416,35.6295],[139.838,35.6143],[139.8236,35.6228],[139.82,35.638],[139.8056,35.638],[139.802,35.6194],[139.7876,35.6025],[139.7732,35.6177],[139.7768,35.6414],[139.766,35.6532],[139.7588,35.6312],[139.7696,35.6008],[139.784,35.5806],[139.784,35.5687],[139.7984,35.54],[139.7876,35.5265],[139.7876,35.513],[139.7876,35.5113],[139.7768,35.5012],[139.7444,35.4843],[139.7156,35.4641],[139.6868,35.4607],[139.6652,35.4674],[139.6508,35.4641],[139.6436,35.4539],[139.6616,35.4472],[139.6796,35.4387],[139.6868,35.432],[139.6832,35.4185],[139.6868,35.3999],[139.676,35.4016],[139.6508,35.41],[139.6364,35.4016],[139.6436,35.3881],[139.658,35.3763],[139.6544,35.3391],[139.6508,35.3273],[139.6508,35.3104],[139.6472,35.2986],[139.658,35.2868],[139.6652,35.2986],[139.676,35.2918],[139.694,35.2682],[139.7336,35.2648],[139.7444,35.2496],[139.7264,35.2327],[139.73,35.2293],[139.73,35.226],[139.7336,35.2226],[139.7264,35.2074],[139.6904,35.2091],[139.6652,35.1939],[139.6616,35.1787],[139.6688,35.1601],[139.6796,35.15],[139.6868,35.1399],[139.676,35.1365],[139.6652,35.1348],[139.64,35.1399],[139.6256,35.1314],[139.6148,35.1348],[139.6112,35.1415],[139.6148,35.1534],[139.6148,35.1736],[139.6004,35.2023],[139.6256,35.2125],[139.6184,35.2192],[139.604,35.2243],[139.5968,35.2395],[139.568,35.2682],[139.568,35.2766],[139.5608,35.2868],[139.55,35.2884],[139.5428,35.3087],[139.5284,35.302],[139.5068,35.3036],[139.4852,35.3003],[139.4672,35.3138],[139.4132,35.3188],[139.3304,35.3036],[139.2836,35.2969],[139.2332,35.2851],[139.1828,35.2631],[139.1468,35.2344],[139.1432,35.1838],[139.1576,35.1365],[139.1216,35.15],[139.0892,35.1095],[139.0784,35.0757],[139.0748,35.0537],[139.1072,35.0487],[139.1,35.0301],[139.0964,35.0115],[139.0856,34.998],[139.1,34.9744],[139.1324,34.9659],[139.1432,34.9423],[139.1468,34.9051],[139.1396,34.8714],[139.118,34.868],[139.1,34.8562],[139.0892,34.8427],[139.0856,34.8292],[139.0748,34.8089],[139.0604,34.792],[139.0532,34.7785],[139.0424,34.7684],[139.028,34.765],[139.0172,34.7549],[139.01,34.7464],[138.9992,34.7329],[139.0028,34.7211],[138.9956,34.7143],[138.9884,34.7008],[138.9848,34.6839],[138.9884,34.6654],[138.992,34.6502],[138.9812,34.6451],[138.974,34.6451],[138.9632,34.6519],[138.9416,34.6603],[138.8948,34.6282],[138.8624,34.613],[138.8336,34.5961],[138.8192,34.6029],[138.8048,34.613],[138.794,34.6265],[138.7724,34.6468],[138.7796,34.6637],[138.7724,34.6704],[138.7652,34.6755],[138.758,34.6789],[138.7508,34.6822],[138.7472,34.6907],[138.7472,34.7093],[138.7436,34.7295],[138.758,34.738],[138.7616,34.7481],[138.776,34.7515],[138.758,34.7819],[138.7472,34.814],[138.758,34.8292],[138.7616,34.846],[138.7616,34.8494],[138.7616,34.8697],[138.7544,34.8798],[138.7616,34.8933],[138.776,34.9051],[138.7904,34.9068],[138.7796,34.922],[138.7724,34.9322],[138.7652,34.9558],[138.7616,34.9794],[138.776,35.0031],[138.7868,35.0267],[138.8264,35.0233],[138.8552,35.0183],[138.8768,35.02],[138.8948,35.02],[138.9092,35.0301],[138.8552,35.0791],[138.8372,35.0993],[138.8048,35.1213],[138.7436,35.1348],[138.6968,35.1382],[138.6644,35.1263],[138.6356,35.1162],[138.5852,35.1145],[138.5528,35.0959],[138.5276,35.0504],[138.4988,35.0318],[138.4952,35.0014],[138.506,34.9913],[138.506,35.0115],[138.5204,35.02],[138.5312,35.0166],[138.5132,34.9794],[138.47,34.9592],[138.4304,34.944],[138.4016,34.9322],[138.3656,34.917],[138.3548,34.9034],[138.3476,34.8883],[138.3368,34.8747],[138.3296,34.8545],[138.3296,34.846],[138.3404,34.8258],[138.326,34.8072],[138.3152,34.7988],[138.2936,34.765],[138.2504,34.7397],[138.2144,34.7126],[138.2,34.6603],[138.1928,34.6417],[138.2,34.6215],[138.2252,34.6164],[138.2396,34.6029],[138.2324,34.5944],[138.1892,34.6012],[138.0488,34.6552],[137.966,34.667],[137.894,34.667],[137.7932,34.64],[137.6852,34.6704],[137.5952,34.6772],[137.5484,34.6772],[137.426,34.667],[137.3396,34.6468],[137.1416,34.5894],[137.0948,34.5928],[137.0444,34.5809],[137.03,34.5792],[137.0156,34.5792],[137.0228,34.5911],[137.03,34.5978],[137.0408,34.6181],[137.0516,34.6468],[137.0732,34.6654],[137.102,34.6383],[137.1056,34.6316],[137.1092,34.6248],[137.12,34.6333],[137.12,34.6383],[137.138,34.6451],[137.1524,34.6519],[137.1668,34.6569],[137.1992,34.6738],[137.2424,34.6974],[137.2604,34.7042],[137.282,34.7312],[137.3,34.7278],[137.3,34.7076],[137.2964,34.6907],[137.3036,34.689],[137.3108,34.7059],[137.3108,34.7261],[137.3324,34.7211],[137.3396,34.7261],[137.3108,34.7363],[137.3216,34.7549],[137.3252,34.7667],[137.3216,34.7734],[137.2964,34.7971],[137.2784,34.8089],[137.2676,34.8038],[137.246,34.8089],[137.2244,34.8156],[137.2064,34.8021],[137.1956,34.8072],[137.192,34.7886],[137.1884,34.7701],[137.1704,34.7633],[137.1704,34.7836],[137.156,34.7819],[137.1416,34.7886],[137.12,34.7886],[137.102,34.7852],[137.0876,34.7768],[137.0732,34.7852],[137.0516,34.7768],[137.03,34.7802],[137.0192,34.7836],[137.0012,34.8021],[136.994,34.8089],[136.976,34.8258],[136.958,34.8325],[136.9616,34.8579],[136.9832,34.8984],[136.9796,34.9237],[136.9688,34.9119],[136.958,34.8849],[136.94,34.8612],[136.9328,34.846],[136.9256,34.8275],[136.9148,34.7751],[136.9256,34.7633],[136.9364,34.7464],[136.9616,34.7346],[136.9724,34.7126],[136.9724,34.6958],[136.9472,34.6991],[136.9148,34.711],[136.8788,34.7278],[136.8572,34.7397],[136.8464,34.7532],[136.8428,34.7684],[136.8536,34.7869],[136.8572,34.8055],[136.8644,34.8207],[136.8644,34.8359],[136.8572,34.8562],[136.8428,34.8714],[136.8284,34.8714],[136.8212,34.895],[136.8212,34.9203],[136.8212,34.9389],[136.8248,34.9541],[136.832,34.9727],[136.8428,34.9896],[136.8572,35.0081],[136.8644,35.025],[136.8788,35.0436],[136.8824,35.0706],[136.886,35.0892],[136.8716,35.0926],[136.8572,35.0622],[136.85,35.0402],[136.8428,35.0605],[136.8428,35.0757],[136.8284,35.0791],[136.8392,35.0318],[136.814,35.0267],[136.8104,35.0487],[136.7996,35.0487],[136.7996,35.0233],[136.778,35.02],[136.7528,35.0267],[136.7456,35.0233],[136.724,35.0267],[136.6808,35.0014],[136.6592,34.9845],[136.6484,34.9693],[136.6484,34.9625],[136.6448,34.9524],[136.6412,34.9474],[136.6448,34.9423],[136.6628,34.9406],[136.6448,34.9305],[136.6484,34.9119],[136.6376,34.8883],[136.616,34.8528],[136.5656,34.8004],[136.5332,34.765],[136.526,34.7211],[136.5224,34.7025],[136.5188,34.6806],[136.5224,34.6755],[136.5332,34.6603],[136.5368,34.6569],[136.5476,34.6519],[136.544,34.64],[136.5404,34.6265],[136.5404,34.6164],[136.5512,34.6012],[136.5692,34.5961],[136.6124,34.5961],[136.634,34.5911],[136.6484,34.5792],[136.6628,34.5657],[136.6772,34.5539],[136.7528,34.5134],[136.8032,34.4948],[136.814,34.4864],[136.8248,34.4897],[136.8392,34.4897],[136.8536,34.4864],[136.8608,34.4796],[136.868,34.4678],[136.8716,34.4577],[136.8752,34.4475],[136.8824,34.4374],[136.8968,34.434],[136.9076,34.434],[136.9148,34.434],[136.9256,34.4239],[136.9256,34.4121],[136.9184,34.3766],[136.904,34.3817],[136.8932,34.3817],[136.8824,34.3783],[136.8752,34.3699],[136.8788,34.3631],[136.886,34.3564],[136.8968,34.3547],[136.9112,34.3547],[136.8932,34.3428],[136.8896,34.3361],[136.8824,34.3276],[136.8896,34.3175],[136.8968,34.3006],[136.9004,34.2821],[136.8968,34.2669],[136.886,34.2601],[136.85,34.25],[136.8356,34.2466],[136.8176,34.2483],[136.796,34.2533],[136.7744,34.2618],[136.7744,34.2736],[136.7888,34.277],[136.8104,34.2736],[136.8284,34.2669],[136.8428,34.2601],[136.8392,34.2669],[136.8392,34.2753],[136.8356,34.2804],[136.85,34.2736],[136.8572,34.2939],[136.8464,34.3074],[136.8284,34.3124],[136.8068,34.3074],[136.8104,34.3006],[136.8104,34.2972],[136.8068,34.2939],[136.8068,34.2871],[136.7744,34.3074],[136.7564,34.2956],[136.7276,34.2905],[136.7024,34.2956],[136.7096,34.3108],[136.724,34.331],[136.706,34.3344],[136.6772,34.326],[136.6484,34.3141],[136.6664,34.3091],[136.6664,34.2972],[136.6556,34.2854],[136.6232,34.2753],[136.6088,34.2652],[136.5908,34.2635],[136.5728,34.2804],[136.5692,34.2736],[136.5656,34.2719],[136.562,34.2685],[136.562,34.2601],[136.5332,34.2719],[136.5224,34.2736],[136.5188,34.2618],[136.5116,34.2517],[136.5044,34.2466],[136.5152,34.2297],[136.5044,34.2297],[136.472,34.2381],[136.4288,34.2145],[136.418,34.2044],[136.3856,34.2044],[136.3352,34.1841],[136.2992,34.1537],[136.2956,34.125],[136.31,34.1183],[136.3172,34.1149],[136.3208,34.1081],[136.3136,34.0946],[136.31,34.0896],[136.2992,34.0862],[136.292,34.0828],[136.2848,34.0811],[136.274,34.0862],[136.2596,34.1048],[136.2524,34.1081],[136.2452,34.1031],[136.2308,34.0828],[136.22,34.0744],[136.22,34.0676],[136.2344,34.0676],[136.2452,34.0642],[136.2488,34.0558],[136.2524,34.044],[136.2704,34.0288],[136.2812,34.0169],[136.2776,34.0119],[136.274,34.0068],[136.274,33.9798],[136.274,33.9714],[136.2596,33.9663],[136.2488,33.9714],[136.238,33.9832],[136.2308,33.9933],[136.22,33.9815],[136.2056,33.9714],[136.2056,33.9646],[136.2272,33.9612],[136.2344,33.9477],[136.2272,33.9376],[136.2128,33.9443],[136.2056,33.9275],[136.1984,33.9207],[136.166,33.9156],[136.1588,33.9139],[136.1516,33.9055],[136.1444,33.8937],[136.1372,33.8903],[136.1264,33.8903],[136.1048,33.892],[136.0688,33.8464],[136.0184,33.7333],[135.9932,33.686],[135.9896,33.6826],[135.9824,33.6522],[135.9608,33.6421],[135.9572,33.6252],[135.9356,33.6168],[135.9392,33.6032],[135.9608,33.5931],[135.9464,33.5779],[135.914,33.5475],[135.896,33.5425],[135.8852,33.5289],[135.8276,33.5138],[135.8096,33.5053],[135.7988,33.4952],[135.7844,33.4732],[135.7916,33.453],[135.788,33.4411],[135.7736,33.4445],[135.7592,33.4327],[135.7556,33.4513],[135.77,33.4682],[135.7664,33.4817],[135.6692,33.4901],[135.6368,33.4952],[135.4892,33.5408],[135.446,33.5509],[135.41,33.5745],[135.3992,33.583],[135.3884,33.5948],[135.3884,33.6083],[135.392,33.6184],[135.3812,33.637],[135.374,33.6438],[135.3704,33.6455],[135.3596,33.6539],[135.3416,33.6573],[135.3272,33.6708],[135.3416,33.6944],[135.3776,33.6978],[135.4028,33.7012],[135.392,33.713],[135.3416,33.7451],[135.32,33.7535],[135.3128,33.7653],[135.2948,33.7637],[135.266,33.7805],[135.2336,33.7822],[135.23,33.7991],[135.1976,33.8143],[135.1724,33.838],[135.1544,33.8751],[135.1184,33.8937],[135.1004,33.8903],[135.0644,33.8852],[135.0572,33.8802],[135.0608,33.8903],[135.068,33.8971],[135.0572,33.9021],[135.0644,33.9055],[135.0788,33.9055],[135.0788,33.919],[135.068,33.9308],[135.086,33.9426],[135.1004,33.9545],[135.0968,33.9595],[135.0788,33.9595],[135.0752,33.9781],[135.0932,33.9916],[135.1148,33.9933],[135.1292,33.9984],[135.1544,34.0102],[135.1616,34.0254],[135.1616,34.0389],[135.1544,34.049],[135.1328,34.0575],[135.1112,34.0659],[135.0932,34.0676],[135.1148,34.1014],[135.1184,34.1031],[135.1256,34.1064],[135.1292,34.1081],[135.1292,34.1132],[135.1292,34.1216],[135.122,34.1368],[135.1472,34.1385],[135.1868,34.1351],[135.1904,34.1503],[135.1796,34.1655],[135.1652,34.1875],[135.1472,34.1858],[135.1364,34.228],[135.1184,34.2415],[135.0932,34.2601],[135.0608,34.2669],[135.0716,34.2854],[135.104,34.3175],[135.2084,34.3428],[135.2552,34.3766],[135.2804,34.3969],[135.32,34.429],[135.3524,34.4678],[135.374,34.4847],[135.374,34.5083],[135.374,34.5185],[135.392,34.5235],[135.3992,34.5337],[135.41,34.5404],[135.4136,34.5573],[135.4136,34.5792],[135.4172,34.6096],[135.4064,34.635],[135.4028,34.6586],[135.4136,34.6924],[135.3992,34.6856],[135.3812,34.6806],[135.3632,34.689],[135.3416,34.7093],[135.3164,34.7076],[135.2876,34.7059],[135.2876,34.6806],[135.2552,34.6772],[135.2552,34.7008],[135.2192,34.6907],[135.2408,34.6502],[135.212,34.6552],[135.2048,34.6772],[135.1868,34.6755],[135.1832,34.6519],[135.1112,34.64],[135.0788,34.6282],[135.0464,34.6248],[135.0176,34.6417],[134.9779,34.6417],[134.9599,34.6434],[134.9383,34.667],[134.9059,34.6772],[134.8879,34.6907],[134.8339,34.7211],[134.8015,34.7312],[134.7619,34.7565],[134.7439,34.7667],[134.6971,34.7768],[134.5675,34.7667],[134.5603,34.7684],[134.5531,34.7717],[134.5495,34.7734],[134.5423,34.7701],[134.5387,34.7667],[134.5315,34.7633],[134.5243,34.7599],[134.5207,34.7599],[134.5063,34.7616],[134.4955,34.765],[134.4919,34.7734],[134.4919,34.7869],[134.4847,34.7852],[134.4775,34.7819],[134.4739,34.7768],[134.4703,34.7701],[134.4703,34.7616],[134.4667,34.7616],[134.4631,34.7616],[134.4559,34.7599],[134.4307,34.7312],[134.4235,34.7261],[134.4091,34.7261],[134.3983,34.7312],[134.3911,34.738],[134.3803,34.7397],[134.3695,34.7363],[134.3587,34.7278],[134.3515,34.716],[134.3551,34.7059],[134.3263,34.7042],[134.2759,34.716],[134.2471,34.7177],[134.2219,34.7278],[134.2075,34.7278],[134.2183,34.7126],[134.2255,34.7076],[134.2795,34.6974],[134.2723,34.6958],[134.2507,34.6941],[134.2435,34.6907],[134.2255,34.667],[134.2219,34.6637],[134.2111,34.662],[134.1967,34.6519],[134.1787,34.6485],[134.1715,34.6468],[134.1535,34.6367],[134.1607,34.6316],[134.1715,34.6316],[134.1787,34.6316],[134.1895,34.6367],[134.1787,34.6147],[134.1463,34.5978],[134.1139,34.586],[134.0851,34.5809],[134.0707,34.586],[134.0491,34.6046],[134.0275,34.6096],[133.9951,34.6079],[133.9807,34.6063],[133.9555,34.5928],[133.9375,34.5877],[133.9267,34.5776],[133.9303,34.5607],[133.9411,34.5556],[133.9591,34.564],[133.9843,34.5894],[134.0023,34.5944],[134.0203,34.5961],[134.0347,34.5928],[134.0455,34.5809],[134.0455,34.564],[134.0347,34.5522],[134.0167,34.5438],[134.0059,34.5337],[134.0059,34.5303],[134.0095,34.5286],[134.0131,34.5201],[133.9843,34.5286],[133.9663,34.5066],[133.9555,34.4746],[133.9375,34.4509],[133.8583,34.4627],[133.8223,34.4627],[133.8259,34.4374],[133.7935,34.4425],[133.7791,34.4627],[133.7683,34.4881],[133.7431,34.5066],[133.7359,34.5016],[133.7287,34.5066],[133.7251,34.5168],[133.7251,34.5269],[133.7179,34.5201],[133.6999,34.5252],[133.6855,34.5201],[133.6711,34.51],[133.6423,34.5016],[133.5955,34.483],[133.5847,34.4762],[133.5847,34.4695],[133.5775,34.4627],[133.5703,34.4594],[133.5487,34.4577],[133.5415,34.4526],[133.5379,34.4492],[133.5307,34.4458],[133.4695,34.4239],[133.5091,34.4627],[133.5235,34.483],[133.5019,34.4914],[133.4911,34.4897],[133.4695,34.4762],[133.4551,34.4729],[133.4299,34.4729],[133.4191,34.4678],[133.4155,34.4509],[133.4227,34.4458]]],[[[143.8952,44.1585],[143.9132,44.1518],[143.9564,44.1518],[143.9744,44.1484],[143.942,44.14],[143.8952,44.1467],[143.8124,44.1687],[143.816,44.1754],[143.8376,44.1754],[143.8592,44.172],[143.8808,44.167],[143.8952,44.1585]]],[[[145.7673,43.3869],[145.7817,43.3869],[145.8141,43.3784],[145.8249,43.3734],[145.8177,43.3649],[145.8105,43.3615],[145.7889,43.3598],[145.7781,43.3565],[145.7601,43.3362],[145.7457,43.3328],[145.7097,43.3261],[145.6989,43.3227],[145.6845,43.3109],[145.6737,43.3075],[145.6449,43.3126],[145.6305,43.3092],[145.6197,43.3041],[145.6161,43.294],[145.6053,43.2839],[145.5801,43.2653],[145.5729,43.2568],[145.5657,43.2467],[145.5585,43.2214],[145.5513,43.2096],[145.5441,43.2028],[145.5189,43.1758],[145.5297,43.169],[145.5189,43.1657],[145.4973,43.1673],[145.4793,43.1724],[145.4541,43.1842],[145.4361,43.1825],[145.4037,43.1758],[145.3029,43.1741],[145.2813,43.1657],[145.2597,43.1488],[145.2309,43.1403],[145.1553,43.1319],[145.1373,43.1285],[145.1265,43.1201],[145.1193,43.1066],[145.1229,43.088],[145.1337,43.0846],[145.1517,43.0846],[145.1697,43.0795],[145.1589,43.0711],[145.1481,43.066],[145.1121,43.0643],[145.1085,43.0593],[145.1049,43.0525],[145.0977,43.0441],[145.0761,43.0339],[145.0509,43.0339],[145.0041,43.0441],[145.0221,43.0204],[145.0293,43.0086],[145.0221,42.9968],[145.0149,42.99],[145.0005,42.9867],[144.932,42.9782],[144.8996,42.9799],[144.8672,42.9884],[144.842,43.0069],[144.842,43.0171],[144.842,43.0289],[144.8384,43.0407],[144.8204,43.0441],[144.8096,43.0458],[144.8024,43.0458],[144.7988,43.0475],[144.7916,43.0441],[144.7844,43.0407],[144.7736,43.0272],[144.7664,43.0238],[144.7592,43.0188],[144.7484,43.0069],[144.7376,42.9917],[144.734,42.9799],[144.7412,42.9647],[144.7556,42.9546],[144.77,42.9445],[144.7844,42.9343],[144.7412,42.9242],[144.6008,42.9495],[144.5216,42.9445],[144.4964,42.9326],[144.464,42.9377],[144.392,42.9563],[144.3812,42.9613],[144.374,42.9698],[144.3668,42.9782],[144.3632,42.99],[144.3596,43.0002],[144.3452,43.0036],[144.3236,43.0019],[144.1832,42.9765],[144.0428,42.9259],[143.888,42.8448],[143.7908,42.757],[143.6396,42.6608],[143.5748,42.6034],[143.4488,42.4548],[143.348,42.3197],[143.33,42.2775],[143.3264,42.2302],[143.3372,42.1728],[143.3372,42.1508],[143.3372,42.1289],[143.33,42.1069],[143.3048,42.0259],[143.294,42.0056],[143.2652,41.987],[143.2544,41.9414],[143.24,41.9279],[143.2256,41.933],[143.204,41.9465],[143.1824,41.9617],[143.1716,41.9718],[143.1644,41.9904],[143.1392,42.0107],[143.114,42.0276],[142.9592,42.1052],[142.7576,42.1576],[142.5452,42.2504],[142.4588,42.2707],[142.2824,42.367],[142.2212,42.4126],[142.1672,42.4598],[142.0628,42.47],[141.98,42.5105],[141.926,42.5578],[141.908,42.5662],[141.8864,42.5696],[141.818,42.6],[141.7244,42.6169],[141.638,42.6152],[141.548,42.6017],[141.4292,42.5645],[141.2636,42.4683],[141.2348,42.4581],[141.2168,42.4446],[141.2024,42.4413],[141.1916,42.4396],[141.1808,42.4379],[141.17,42.4328],[141.0908,42.3923],[141.0728,42.3771],[141.0152,42.3163],[141.0008,42.3045],[140.99,42.3011],[140.9756,42.2994],[140.9648,42.3011],[140.954,42.3045],[140.9468,42.3095],[140.936,42.3197],[140.9324,42.3281],[140.936,42.3332],[140.9756,42.3264],[140.9828,42.3298],[140.9864,42.3399],[140.9756,42.3467],[140.9468,42.3535],[140.9252,42.3653],[140.918,42.372],[140.9108,42.3805],[140.9,42.421],[140.7344,42.5645],[140.6876,42.5797],[140.6624,42.5797],[140.5976,42.5713],[140.5256,42.5814],[140.5004,42.5797],[140.4572,42.5645],[140.4176,42.5375],[140.3816,42.5054],[140.324,42.4328],[140.3024,42.3923],[140.288,42.3501],[140.2808,42.3045],[140.2916,42.2589],[140.3204,42.2336],[140.4248,42.193],[140.4572,42.1728],[140.5292,42.112],[140.5472,42.1052],[140.5724,42.1086],[140.6084,42.1171],[140.6732,42.1221],[140.6948,42.1255],[140.7128,42.1339],[140.774,42.1019],[140.7884,42.0748],[140.8388,42.0242],[140.8532,42.0107],[140.8928,41.9921],[140.9072,41.9786],[140.9756,41.9144],[140.9936,41.9026],[141.0116,41.8942],[141.0332,41.8891],[141.0584,41.8874],[141.0836,41.8823],[141.1052,41.8722],[141.1844,41.8182],[141.1988,41.7996],[141.1916,41.7912],[141.1448,41.7861],[141.1232,41.7793],[141.1052,41.7709],[141.044,41.7236],[141.008,41.7118],[140.9612,41.7219],[140.8748,41.7591],[140.8244,41.7709],[140.774,41.7709],[140.7308,41.7506],[140.7092,41.7456],[140.6984,41.7591],[140.7056,41.7743],[140.7236,41.7827],[140.7344,41.7928],[140.7272,41.8114],[140.7092,41.8249],[140.684,41.83],[140.6588,41.8266],[140.6408,41.8148],[140.63,41.7979],[140.6156,41.754],[140.6048,41.7354],[140.5436,41.7118],[140.5364,41.705],[140.522,41.6983],[140.4716,41.6865],[140.4536,41.6814],[140.432,41.6442],[140.4428,41.5632],[140.432,41.5311],[140.3996,41.5125],[140.2736,41.4821],[140.2592,41.472],[140.2412,41.4568],[140.2268,41.4382],[140.2196,41.418],[140.2088,41.4011],[140.1836,41.4045],[140.1368,41.4214],[140.126,41.4197],[140.108,41.4146],[140.1008,41.4129],[140.09,41.4163],[140.0612,41.4315],[140.0504,41.4349],[140.0396,41.4433],[140.0288,41.4619],[140.0144,41.5024],[139.982,41.5598],[139.9784,41.5818],[139.9856,41.6037],[140.0036,41.6341],[140.018,41.6966],[140.072,41.7608],[140.0828,41.8013],[140.0864,41.8047],[140.108,41.803],[140.1188,41.8047],[140.126,41.8148],[140.1296,41.8232],[140.1296,41.8452],[140.1296,41.8519],[140.126,41.8604],[140.1224,41.8655],[140.126,41.8705],[140.1332,41.8756],[140.144,41.879],[140.1476,41.8908],[140.1476,41.9077],[140.1512,41.9144],[140.144,41.9296],[140.1404,41.9482],[140.1368,41.9668],[140.144,41.982],[140.1116,42.0107],[140.0612,42.0799],[140.0288,42.1052],[139.928,42.139],[139.91,42.1559],[139.91,42.161],[139.9028,42.166],[139.8848,42.1947],[139.874,42.1998],[139.8452,42.2082],[139.7984,42.2353],[139.7876,42.2471],[139.7768,42.2707],[139.766,42.3112],[139.7732,42.3298],[139.784,42.3501],[139.8272,42.4024],[139.838,42.4244],[139.8488,42.47],[139.8488,42.5139],[139.8344,42.5882],[139.8452,42.627],[139.8776,42.6642],[139.9172,42.6777],[140.0144,42.681],[140.0396,42.6861],[140.054,42.6945],[140.0972,42.7334],[140.1044,42.7384],[140.1152,42.7418],[140.126,42.7435],[140.1368,42.7469],[140.144,42.757],[140.1692,42.7959],[140.1836,42.8094],[140.2016,42.8144],[140.2232,42.8009],[140.2448,42.7722],[140.2592,42.7604],[140.2808,42.757],[140.3024,42.7705],[140.3096,42.7925],[140.3132,42.8161],[140.3204,42.8263],[140.3384,42.8347],[140.3528,42.8533],[140.378,42.8938],[140.3924,42.909],[140.4608,42.9597],[140.504,42.9799],[140.522,42.9968],[140.5256,43.0154],[140.5184,43.0306],[140.5004,43.0458],[140.4932,43.0677],[140.486,43.0829],[140.4392,43.1336],[140.4068,43.1606],[140.3672,43.1825],[140.3384,43.2112],[140.3276,43.2501],[140.36,43.3244],[140.4104,43.3244],[140.4356,43.3278],[140.4536,43.3396],[140.4572,43.348],[140.4608,43.3582],[140.4644,43.3683],[140.4716,43.3734],[140.486,43.3717],[140.5004,43.3649],[140.5112,43.3565],[140.5184,43.3531],[140.5364,43.348],[140.6192,43.3007],[140.6372,43.2889],[140.6696,43.2602],[140.6876,43.2484],[140.7596,43.2231],[140.7704,43.2163],[140.7848,43.2011],[140.7956,43.1961],[140.81,43.1927],[140.9108,43.2045],[140.99,43.2264],[141.0116,43.2298],[141.0224,43.2231],[141.0116,43.2112],[141.0044,43.1927],[141.0224,43.1758],[141.0332,43.1724],[141.0692,43.169],[141.1124,43.1555],[141.134,43.1521],[141.1556,43.1437],[141.17,43.1403],[141.188,43.142],[141.2024,43.1437],[141.2276,43.1538],[141.3032,43.1977],[141.3716,43.2501],[141.3968,43.2805],[141.422,43.3176],[141.44,43.3615],[141.44,43.4071],[141.4256,43.4341],[141.3716,43.4966],[141.3608,43.5236],[141.3608,43.5439],[141.3752,43.5608],[141.3896,43.5794],[141.3716,43.6182],[141.3644,43.6283],[141.368,43.6469],[141.3428,43.6908],[141.3356,43.7128],[141.3428,43.7313],[141.3572,43.755],[141.386,43.7921],[141.4004,43.8039],[141.4256,43.8141],[141.4472,43.8225],[141.4904,43.8276],[141.5084,43.8326],[141.5264,43.8411],[141.584,43.8749],[141.6164,43.9036],[141.6416,43.9373],[141.6596,43.9846],[141.6668,44.0251],[141.6704,44.0674],[141.656,44.2767],[141.6668,44.3122],[141.746,44.4236],[141.7928,44.5976],[141.7964,44.6415],[141.782,44.7647],[141.7532,44.8846],[141.7208,44.9555],[141.5876,45.1649],[141.5732,45.2071],[141.584,45.2511],[141.5912,45.2578],[141.6092,45.2764],[141.6164,45.2848],[141.6236,45.2966],[141.6236,45.3051],[141.6272,45.3152],[141.6488,45.3405],[141.6488,45.3574],[141.638,45.3895],[141.638,45.4047],[141.638,45.4216],[141.6488,45.4368],[141.6668,45.4503],[141.6776,45.4435],[141.6848,45.4368],[141.6848,45.425],[141.6884,45.4115],[141.692,45.403],[141.7028,45.4013],[141.728,45.4081],[141.7748,45.4132],[141.8216,45.4233],[141.8576,45.4402],[141.8684,45.4435],[141.8756,45.4486],[141.8756,45.4604],[141.8756,45.4739],[141.8792,45.4841],[141.8936,45.501],[141.9188,45.5162],[141.944,45.5212],[141.962,45.5094],[141.9764,45.4807],[141.9872,45.4689],[142.0016,45.4638],[142.016,45.4554],[142.0556,45.4013],[142.0952,45.3726],[142.1816,45.3253],[142.2212,45.3],[142.538,45.018],[142.6136,44.9032],[142.6316,44.8829],[142.664,44.8661],[142.7144,44.807],[142.9088,44.6482],[142.9412,44.6347],[142.9808,44.5858],[143.042,44.5554],[143.1176,44.4963],[143.204,44.4473],[143.2256,44.4422],[143.24,44.4372],[143.2796,44.4068],[143.2976,44.3949],[143.3408,44.3865],[143.3516,44.3814],[143.3696,44.351],[143.3696,44.346],[143.3948,44.3223],[143.4056,44.3173],[143.5532,44.2531],[143.7764,44.1889],[143.7764,44.1822],[143.6936,44.1906],[143.6792,44.1822],[143.6864,44.1754],[143.708,44.1585],[143.7152,44.1518],[143.7296,44.1129],[143.7368,44.118],[143.744,44.1214],[143.7584,44.1096],[143.7692,44.1045],[143.7836,44.1011],[143.9312,44.0994],[143.9384,44.0961],[143.9672,44.1197],[143.9816,44.1298],[143.9996,44.1332],[144.1184,44.1298],[144.1544,44.118],[144.1724,44.1062],[144.1724,44.1028],[144.158,44.1011],[144.14,44.0927],[144.1256,44.0809],[144.104,44.0319],[144.14,44.0201],[144.1544,44.0201],[144.1652,44.0251],[144.176,44.0353],[144.1904,44.0505],[144.1976,44.0674],[144.2012,44.0826],[144.2156,44.1113],[144.2444,44.1197],[144.2624,44.1079],[144.2552,44.0792],[144.2696,44.0488],[144.2768,44.037],[144.2948,44.0319],[144.302,44.0235],[144.32,43.9914],[144.3272,43.9846],[144.338,43.9796],[144.3776,43.9559],[144.3956,43.9508],[144.4316,43.9424],[144.572,43.9255],[144.7412,43.9154],[144.788,43.9221],[144.8312,43.9424],[144.9464,44.0336],[145.0365,44.1113],[145.0473,44.1214],[145.1193,44.1552],[145.1661,44.1906],[145.1841,44.1957],[145.2021,44.2058],[145.2489,44.2717],[145.2885,44.2987],[145.3101,44.3156],[145.3173,44.3358],[145.3245,44.3426],[145.3317,44.346],[145.3425,44.346],[145.3497,44.3257],[145.3677,44.3021],[145.3749,44.2919],[145.3713,44.248],[145.3497,44.2109],[145.2921,44.1552],[145.2777,44.1332],[145.2705,44.0859],[145.2597,44.069],[145.1697,43.9846],[145.1445,43.9525],[145.1229,43.9171],[145.1049,43.8799],[145.1157,43.863],[145.1085,43.8428],[145.0977,43.8225],[145.0905,43.8006],[145.0761,43.7854],[145.0725,43.7752],[145.0725,43.7617],[145.0761,43.7533],[145.1157,43.6874],[145.1301,43.6722],[145.1949,43.6199],[145.2093,43.6064],[145.2201,43.5895],[145.2273,43.5692],[145.2273,43.5473],[145.2309,43.5405],[145.2453,43.5304],[145.2525,43.5135],[145.2633,43.4899],[145.2921,43.4054],[145.3101,43.3666],[145.3461,43.3328],[145.3929,43.3058],[145.3605,43.3007],[145.2993,43.3413],[145.2705,43.3463],[145.2597,43.3379],[145.2597,43.3278],[145.2633,43.3159],[145.2813,43.3126],[145.2993,43.3092],[145.3137,43.3024],[145.3209,43.2957],[145.3029,43.2923],[145.3209,43.2771],[145.3497,43.2653],[145.3821,43.2585],[145.4685,43.2535],[145.4937,43.245],[145.5189,43.2298],[145.5225,43.2416],[145.5117,43.2484],[145.5009,43.2568],[145.4973,43.2703],[145.5045,43.2771],[145.5405,43.3024],[145.5837,43.3362],[145.5945,43.343],[145.6197,43.348],[145.6341,43.3531],[145.6413,43.3598],[145.6449,43.3666],[145.6485,43.3734],[145.6629,43.3801],[145.6773,43.3818],[145.7241,43.3801],[145.7313,43.3818],[145.7457,43.3919],[145.7493,43.3936],[145.7565,43.3936],[145.7601,43.3902],[145.7637,43.3886],[145.7673,43.3869]]],[[[123.8142,24.3921],[123.8358,24.3954],[123.8718,24.3904],[123.9114,24.3802],[123.933,24.3667],[123.9366,24.3414],[123.915,24.3076],[123.8718,24.2587],[123.8502,24.257],[123.7458,24.2806],[123.6846,24.2857],[123.6666,24.2958],[123.6846,24.3228],[123.6882,24.3211],[123.6918,24.3194],[123.699,24.3161],[123.7062,24.3279],[123.717,24.3245],[123.7278,24.3161],[123.7422,24.3194],[123.7494,24.3296],[123.753,24.365],[123.7638,24.4005],[123.7674,24.4089],[123.771,24.4191],[123.7782,24.4191],[123.7854,24.4157],[123.7926,24.4089],[123.8142,24.3921]]],[[[123.0042,24.4748],[123.015,24.4697],[123.0186,24.4596],[123.0114,24.4478],[122.997,24.4393],[122.9862,24.4427],[122.9466,24.4393],[122.9394,24.4444],[122.9394,24.4545],[122.943,24.4664],[122.9538,24.4731],[122.9682,24.4714],[123.0042,24.4748]]],[[[124.329,24.5829],[124.3326,24.571],[124.3254,24.5609],[124.3182,24.5525],[124.3074,24.5356],[124.275,24.4883],[124.2606,24.4461],[124.2534,24.4022],[124.2426,24.3633],[124.2102,24.3363],[124.1778,24.333],[124.1418,24.3414],[124.1238,24.36],[124.1418,24.3853],[124.131,24.3921],[124.1274,24.4039],[124.1238,24.414],[124.1058,24.4191],[124.0878,24.4225],[124.077,24.4292],[124.077,24.436],[124.095,24.4393],[124.1022,24.4461],[124.113,24.463],[124.1166,24.468],[124.1274,24.4697],[124.1346,24.4647],[124.1346,24.4562],[124.1382,24.4528],[124.149,24.4461],[124.1562,24.441],[124.167,24.4393],[124.1922,24.4393],[124.203,24.4427],[124.2102,24.4478],[124.221,24.4613],[124.2318,24.4799],[124.239,24.4951],[124.257,24.5018],[124.2678,24.5103],[124.3002,24.5694],[124.3146,24.5879],[124.3218,24.5896],[124.329,24.5829]]],[[[141.3572,24.7889],[141.3644,24.7771],[141.3572,24.7737],[141.3428,24.772],[141.332,24.7686],[141.3212,24.7585],[141.3032,24.7348],[141.2888,24.7264],[141.2888,24.7602],[141.2924,24.7737],[141.2996,24.7855],[141.3104,24.7922],[141.332,24.7939],[141.3464,24.7939],[141.3572,24.7889]]],[[[125.3875,24.7821],[125.4055,24.7787],[125.4271,24.7686],[125.4451,24.7568],[125.4523,24.745],[125.4451,24.7365],[125.4235,24.7315],[125.3839,24.7264],[125.3011,24.7264],[125.2579,24.7331],[125.2579,24.7517],[125.2615,24.7635],[125.2723,24.8193],[125.2759,24.8564],[125.2723,24.8682],[125.2615,24.8851],[125.2759,24.8817],[125.2867,24.8767],[125.2903,24.8733],[125.2939,24.8699],[125.3011,24.8581],[125.3155,24.8294],[125.3227,24.8176],[125.3263,24.8108],[125.3587,24.7821],[125.3659,24.7804],[125.3875,24.7821]]],[[[131.2555,25.8746],[131.2771,25.8577],[131.2699,25.8544],[131.2627,25.8459],[131.2591,25.8375],[131.2591,25.8273],[131.2519,25.8189],[131.2411,25.8189],[131.2303,25.8223],[131.2123,25.829],[131.2123,25.8409],[131.2195,25.8561],[131.2375,25.8712],[131.2411,25.8763],[131.2483,25.8763],[131.2555,25.8746]]],[[[126.8095,26.3525],[126.8095,26.3424],[126.8059,26.3322],[126.8023,26.3238],[126.7951,26.317],[126.7951,26.3137],[126.7951,26.3086],[126.7951,26.3052],[126.7879,26.3035],[126.7807,26.3052],[126.7771,26.3086],[126.7699,26.3137],[126.7663,26.3204],[126.7591,26.3339],[126.7411,26.3424],[126.7195,26.3474],[126.7051,26.3559],[126.6979,26.3694],[126.7051,26.3795],[126.7231,26.3863],[126.7411,26.3896],[126.7519,26.3913],[126.7699,26.388],[126.7879,26.3795],[126.8023,26.3677],[126.8095,26.3525]]],[[[142.1924,26.6463],[142.1816,26.6446],[142.1744,26.6379],[142.1744,26.6294],[142.1816,26.6193],[142.16,26.6328],[142.1384,26.6632],[142.1096,26.7206],[142.1168,26.7223],[142.124,26.7206],[142.1312,26.7155],[142.1348,26.7071],[142.142,26.702],[142.1528,26.7003],[142.1672,26.702],[142.1672,26.6953],[142.1528,26.6868],[142.1564,26.6784],[142.1672,26.675],[142.1816,26.6733],[142.1816,26.6666],[142.1744,26.6632],[142.1744,26.6615],[142.1744,26.6598],[142.1744,26.6531],[142.1816,26.6564],[142.1852,26.6581],[142.1888,26.6547],[142.1924,26.6463]]],[[[128.3359,26.7966],[128.3323,26.7932],[128.3287,26.7865],[128.3287,26.7797],[128.3359,26.7729],[128.3359,26.7645],[128.3323,26.7561],[128.3251,26.751],[128.3251,26.7459],[128.3107,26.7206],[128.3071,26.7172],[128.3107,26.7054],[128.3071,26.7003],[128.3035,26.702],[128.2999,26.702],[128.2963,26.702],[128.2639,26.6531],[128.2423,26.6328],[128.2171,26.626],[128.1739,26.6227],[128.1595,26.6193],[128.1523,26.6125],[128.1415,26.6024],[128.1343,26.5906],[128.1307,26.5805],[128.1343,26.5788],[128.1415,26.5771],[128.1451,26.5737],[128.1451,26.5636],[128.1415,26.5568],[128.1379,26.5534],[128.1343,26.5534],[128.1091,26.545],[128.0911,26.5433],[128.0731,26.5433],[128.0551,26.5501],[128.0371,26.5281],[127.9831,26.4791],[127.9723,26.4724],[127.9615,26.4707],[127.9507,26.4673],[127.9471,26.4504],[127.9399,26.4471],[127.8715,26.4471],[127.8607,26.4454],[127.8535,26.442],[127.8391,26.4251],[127.8427,26.4167],[127.8535,26.4133],[127.8643,26.4065],[127.8715,26.393],[127.8751,26.3643],[127.8787,26.3525],[127.8895,26.339],[127.9111,26.3238],[127.9183,26.3103],[127.9003,26.3052],[127.8823,26.3103],[127.8607,26.3187],[127.8391,26.3238],[127.8283,26.317],[127.7779,26.2326],[127.7707,26.2157],[127.7671,26.1971],[127.7743,26.1853],[127.7923,26.1853],[127.8103,26.1887],[127.8247,26.187],[127.8139,26.1668],[127.7959,26.1397],[127.7743,26.1212],[127.7563,26.1245],[127.7419,26.1161],[127.7239,26.0891],[127.7095,26.084],[127.6519,26.084],[127.6555,26.1212],[127.6375,26.1921],[127.6375,26.214],[127.6591,26.2123],[127.6771,26.2309],[127.6915,26.2562],[127.6987,26.2765],[127.7167,26.2748],[127.7311,26.29],[127.7383,26.3086],[127.7419,26.3204],[127.7383,26.3407],[127.7239,26.3863],[127.7203,26.4065],[127.7239,26.4302],[127.7311,26.4403],[127.7491,26.442],[127.7815,26.442],[127.7923,26.442],[127.8067,26.4471],[127.8103,26.4572],[127.8139,26.4572],[127.8283,26.4825],[127.8319,26.4893],[127.8643,26.5062],[127.9039,26.5163],[127.9363,26.5315],[127.9615,26.5636],[127.9615,26.5821],[127.9543,26.594],[127.9399,26.6024],[127.8931,26.6092],[127.8859,26.621],[127.8859,26.6362],[127.8859,26.6531],[127.8787,26.6868],[127.8787,26.6953],[127.8859,26.6953],[127.9183,26.6953],[127.9651,26.697],[127.9867,26.6936],[128.0011,26.6801],[128.0011,26.6716],[127.9939,26.6632],[127.9903,26.6531],[127.9939,26.6396],[128.0047,26.6345],[128.0155,26.6345],[128.0587,26.6446],[128.1127,26.6733],[128.1019,26.6919],[128.1127,26.7037],[128.1523,26.7307],[128.1559,26.7375],[128.1631,26.7578],[128.1703,26.7611],[128.1775,26.7628],[128.1811,26.7662],[128.1883,26.7797],[128.2243,26.8017],[128.2351,26.8135],[128.2387,26.832],[128.2531,26.8641],[128.2567,26.8861],[128.3323,26.8135],[128.3359,26.7966]]],[[[142.1924,27.0921],[142.2068,27.0972],[142.2212,27.0988],[142.232,27.0938],[142.2428,27.0836],[142.2356,27.0499],[142.2176,27.0397],[142.1996,27.0516],[142.1816,27.0786],[142.214,27.0634],[142.2104,27.0735],[142.2068,27.0803],[142.1996,27.087],[142.1924,27.0921]]],[[[128.6995,27.4551],[128.7031,27.4518],[128.7031,27.4501],[128.7067,27.4484],[128.6959,27.4366],[128.6707,27.4214],[128.6563,27.4095],[128.6419,27.3842],[128.6311,27.3758],[128.6167,27.3791],[128.6131,27.364],[128.6059,27.3623],[128.5951,27.364],[128.5879,27.3623],[128.5735,27.3538],[128.5591,27.3504],[128.5447,27.3538],[128.5339,27.3623],[128.5267,27.3724],[128.5267,27.3842],[128.5267,27.3977],[128.5303,27.4062],[128.5339,27.4146],[128.5375,27.418],[128.5483,27.418],[128.5627,27.4197],[128.5987,27.4146],[128.6203,27.4163],[128.6347,27.4231],[128.6491,27.4349],[128.6995,27.4551]]],[[[128.9875,27.8114],[128.9983,27.803],[129.0127,27.7945],[129.0235,27.7861],[129.0307,27.7726],[129.0235,27.7574],[129.0019,27.727],[128.9911,27.7067],[128.9767,27.6949],[128.9623,27.6865],[128.9479,27.6814],[128.9299,27.6865],[128.9227,27.7017],[128.9191,27.7152],[128.9155,27.7219],[128.8939,27.7287],[128.8903,27.7422],[128.8975,27.7692],[128.8795,27.8249],[128.8831,27.8368],[128.8903,27.8536],[128.8939,27.8908],[128.9011,27.8959],[128.9155,27.9009],[128.9479,27.9144],[128.9659,27.8942],[128.9767,27.8368],[128.9875,27.8114]]],[[[129.2971,28.1187],[129.3259,28.1238],[129.3475,28.1069],[129.3511,28.0867],[129.3223,28.0782],[129.3079,28.0934],[129.3043,28.0968],[129.3007,28.1002],[129.2935,28.0985],[129.2899,28.0951],[129.2899,28.0934],[129.2899,28.0884],[129.2863,28.0816],[129.2791,28.0765],[129.2755,28.0816],[129.2719,28.0833],[129.2647,28.0968],[129.2647,28.0985],[129.2503,28.1002],[129.2323,28.0968],[129.2215,28.0985],[129.2179,28.1069],[129.2143,28.1306],[129.2143,28.1407],[129.1855,28.1745],[129.1819,28.1897],[129.1963,28.1947],[129.2287,28.1947],[129.2215,28.1762],[129.2323,28.1711],[129.2683,28.1745],[129.2647,28.1677],[129.2575,28.1593],[129.2503,28.1508],[129.2503,28.1441],[129.2647,28.1339],[129.2863,28.1255],[129.2971,28.1187]]],[[[130.0315,28.3737],[130.0315,28.3568],[130.0207,28.3315],[130.0063,28.3062],[129.9955,28.291],[129.9775,28.2842],[129.9559,28.2842],[129.9127,28.2977],[129.9739,28.3433],[130.0171,28.3653],[130.0315,28.3737]]],[[[129.7075,28.4615],[129.7111,28.4565],[129.7183,28.4497],[129.7219,28.4446],[129.7219,28.4345],[129.7147,28.4294],[129.7075,28.4294],[129.7003,28.4294],[129.6931,28.4294],[129.6823,28.421],[129.6391,28.4058],[129.6247,28.4024],[129.6211,28.4007],[129.6175,28.3957],[129.6139,28.3889],[129.6103,28.3839],[129.6031,28.3805],[129.5815,28.3703],[129.5527,28.3281],[129.5347,28.318],[129.5311,28.3146],[129.4987,28.2876],[129.4879,28.2825],[129.4627,28.291],[129.4483,28.291],[129.4555,28.2775],[129.4483,28.2657],[129.4411,28.2589],[129.4303,28.2538],[129.4195,28.2505],[129.4303,28.2403],[129.4555,28.2251],[129.4663,28.215],[129.4159,28.1863],[129.4051,28.1846],[129.4015,28.1626],[129.3871,28.1626],[129.3727,28.1677],[129.3511,28.161],[129.3655,28.1542],[129.3763,28.1407],[129.3799,28.1255],[129.3763,28.1187],[129.3655,28.1238],[129.3367,28.1475],[129.2863,28.1778],[129.2791,28.1897],[129.2827,28.2049],[129.2791,28.2184],[129.2683,28.2302],[129.2575,28.215],[129.2431,28.215],[129.2071,28.2302],[129.1747,28.2353],[129.1603,28.2403],[129.1459,28.2505],[129.1459,28.2555],[129.1531,28.2606],[129.1639,28.2623],[129.1711,28.2623],[129.1819,28.2555],[129.2071,28.264],[129.2431,28.2555],[129.2719,28.2555],[129.2899,28.2842],[129.2539,28.2842],[129.2395,28.291],[129.2287,28.3045],[129.2431,28.3129],[129.2539,28.3214],[129.2647,28.3281],[129.2899,28.3332],[129.2971,28.3366],[129.3151,28.3501],[129.3295,28.3636],[129.3331,28.3653],[129.3583,28.3687],[129.3799,28.367],[129.3979,28.372],[129.4123,28.394],[129.4339,28.3872],[129.4519,28.3923],[129.4663,28.4041],[129.4771,28.421],[129.4807,28.4109],[129.4915,28.4041],[129.5059,28.399],[129.5167,28.394],[129.5347,28.4311],[129.5599,28.4514],[129.6247,28.4835],[129.6139,28.448],[129.6175,28.4379],[129.6319,28.4345],[129.6427,28.4396],[129.6535,28.4514],[129.6751,28.4835],[129.6715,28.4869],[129.6679,28.4953],[129.6679,28.5037],[129.6715,28.5105],[129.6895,28.5088],[129.6967,28.4953],[129.7075,28.4615]]],[[[129.7147,29.6554],[129.7471,29.6604],[129.7543,29.6452],[129.7435,29.6216],[129.7219,29.6064],[129.7147,29.63],[129.7111,29.6418],[129.7147,29.6554]]],[[[129.8947,29.8749],[129.8983,29.8462],[129.9271,29.8259],[129.9235,29.8225],[129.9199,29.8191],[129.8623,29.8242],[129.8515,29.8394],[129.8407,29.8495],[129.8335,29.8732],[129.8515,29.8867],[129.8767,29.8782],[129.8803,29.8799],[129.8839,29.8782],[129.8875,29.8782],[129.8947,29.8749]]],[[[130.6759,30.3747],[130.6687,30.3392],[130.6471,30.2903],[130.6039,30.2531],[130.5787,30.2362],[130.5463,30.2312],[130.5175,30.2278],[130.4851,30.2261],[130.4383,30.2396],[130.4275,30.2548],[130.4095,30.2919],[130.3879,30.3392],[130.3807,30.3662],[130.3771,30.3949],[130.3879,30.3983],[130.4239,30.3983],[130.4419,30.422],[130.4599,30.4405],[130.4671,30.4574],[130.4887,30.4574],[130.4995,30.4676],[130.5247,30.449],[130.5679,30.4355],[130.6003,30.4118],[130.6399,30.4034],[130.6759,30.3747]]],[[[131.0503,30.8407],[131.0611,30.8407],[131.0611,30.8238],[131.0719,30.8002],[131.0863,30.7833],[131.0719,30.7698],[131.0719,30.7377],[131.0791,30.6989],[131.0539,30.6617],[131.0575,30.6432],[131.0575,30.6111],[131.0503,30.5976],[131.0395,30.5891],[131.0359,30.5722],[131.0359,30.5571],[131.0179,30.5503],[131.0035,30.552],[130.9927,30.5334],[130.9819,30.5199],[130.9819,30.4963],[130.9675,30.4794],[130.9675,30.4642],[130.9639,30.4557],[130.9747,30.449],[130.9783,30.4372],[130.9711,30.4253],[130.9711,30.4152],[130.9783,30.4],[130.9639,30.3865],[130.9639,30.373],[130.9423,30.3747],[130.9243,30.3696],[130.9063,30.3662],[130.8919,30.3561],[130.8847,30.3443],[130.8703,30.3443],[130.8667,30.3544],[130.8559,30.3662],[130.8595,30.3798],[130.8667,30.3966],[130.8631,30.4237],[130.8523,30.4405],[130.8487,30.4608],[130.8523,30.4709],[130.8631,30.4659],[130.8703,30.4642],[130.8775,30.4811],[130.9027,30.503],[130.9315,30.5402],[130.9423,30.5706],[130.9495,30.5942],[130.9495,30.6094],[130.9495,30.6415],[130.9423,30.655],[130.9459,30.6634],[130.9387,30.6719],[130.9531,30.6854],[130.9675,30.7023],[130.9855,30.7293],[130.9855,30.7411],[130.9999,30.7462],[131.0071,30.7681],[131.0071,30.7901],[131.0287,30.8188],[131.0395,30.8323],[131.0467,30.8374],[131.0503,30.8407]]],[[[130.1539,32.2034],[130.1755,32.2034],[130.1863,32.1967],[130.1935,32.1764],[130.1899,32.1646],[130.1719,32.1241],[130.1683,32.1139],[130.1503,32.1105],[130.1359,32.1173],[130.1287,32.1325],[130.1323,32.1494],[130.1215,32.1595],[130.1143,32.1747],[130.1107,32.1933],[130.1143,32.2068],[130.1215,32.2119],[130.1323,32.2119],[130.1539,32.2034]]],[[[130.4095,32.5124],[130.4419,32.5242],[130.4563,32.5259],[130.4671,32.5124],[130.4347,32.4922],[130.3915,32.3976],[130.3627,32.3756],[130.3591,32.3807],[130.3591,32.3908],[130.3591,32.4128],[130.3555,32.4246],[130.3447,32.4212],[130.3231,32.4094],[130.2835,32.4077],[130.2655,32.4044],[130.2403,32.3959],[130.2223,32.4212],[130.2115,32.4364],[130.2151,32.4499],[130.2187,32.4567],[130.2259,32.4584],[130.2403,32.4601],[130.2475,32.4651],[130.2691,32.4837],[130.2907,32.4972],[130.3051,32.504],[130.3411,32.5141],[130.3627,32.5276],[130.3699,32.5276],[130.3771,32.5226],[130.3807,32.5158],[130.3843,32.509],[130.3915,32.509],[130.4095,32.5124]]],[[[130.1611,32.5462],[130.1899,32.5226],[130.2007,32.4803],[130.2007,32.3959],[130.2043,32.3875],[130.2079,32.3807],[130.2079,32.374],[130.2043,32.3469],[130.2043,32.3385],[130.2007,32.3334],[130.1899,32.3233],[130.1827,32.3182],[130.1575,32.3098],[130.1539,32.303],[130.1323,32.2659],[130.1287,32.2608],[130.1071,32.2524],[130.0963,32.2456],[130.0747,32.2203],[130.0603,32.2119],[130.0351,32.2],[130.0135,32.1899],[129.9955,32.1899],[129.9955,32.2],[130.0099,32.2524],[129.9991,32.2439],[129.9847,32.2439],[129.9775,32.2456],[129.9595,32.2372],[129.9595,32.2423],[129.9595,32.2524],[129.9667,32.2574],[129.9955,32.2828],[130.0171,32.2929],[130.0315,32.2946],[130.0423,32.2946],[130.0531,32.2963],[130.0639,32.3064],[130.0531,32.3064],[130.0459,32.3081],[130.0315,32.3132],[130.0099,32.3064],[129.9919,32.3149],[129.9811,32.3334],[129.9739,32.3554],[129.9775,32.3672],[129.9811,32.3756],[129.9883,32.3824],[129.9955,32.3892],[129.9883,32.4044],[129.9955,32.4246],[130.0063,32.4449],[130.0207,32.4601],[130.0315,32.482],[130.0243,32.5023],[130.0027,32.5327],[130.0171,32.5327],[130.0243,32.5276],[130.0315,32.5226],[130.0423,32.5192],[130.0567,32.5209],[130.0783,32.531],[130.1035,32.5361],[130.1215,32.5428],[130.1395,32.5479],[130.1611,32.5462]]],[[[128.8795,32.6745],[128.8939,32.6576],[128.9011,32.6475],[128.9011,32.6458],[128.8975,32.6424],[128.8795,32.6424],[128.8579,32.6441],[128.8183,32.634],[128.8147,32.6475],[128.7931,32.6526],[128.7895,32.6492],[128.7787,32.6475],[128.7751,32.6424],[128.7715,32.6323],[128.7751,32.6272],[128.7787,32.6256],[128.7967,32.6104],[128.7931,32.5985],[128.7895,32.5867],[128.7715,32.5715],[128.7571,32.58],[128.7355,32.6036],[128.7139,32.6036],[128.6635,32.6019],[128.6527,32.5918],[128.6203,32.6104],[128.5987,32.6137],[128.6023,32.6306],[128.6095,32.6424],[128.6131,32.6509],[128.6167,32.6593],[128.6239,32.6678],[128.6311,32.6695],[128.6347,32.6661],[128.6347,32.6441],[128.6383,32.6357],[128.6383,32.6408],[128.6527,32.6678],[128.6527,32.6779],[128.6563,32.688],[128.6527,32.6999],[128.6491,32.71],[128.6491,32.7134],[128.6455,32.7184],[128.6419,32.7218],[128.6419,32.7286],[128.6455,32.7336],[128.6491,32.7438],[128.6419,32.7606],[128.6527,32.7758],[128.6599,32.7826],[128.6779,32.7826],[128.6851,32.7708],[128.6995,32.7438],[128.7067,32.7471],[128.7211,32.7539],[128.7427,32.759],[128.7787,32.7758],[128.7859,32.7877],[128.8075,32.7995],[128.8111,32.7826],[128.8111,32.7742],[128.8111,32.7657],[128.8291,32.7623],[128.8435,32.759],[128.8507,32.7421],[128.8435,32.7032],[128.8543,32.688],[128.8795,32.6745]]],[[[139.7912,33.1355],[139.8128,33.1237],[139.838,33.1169],[139.8632,33.1068],[139.8776,33.0882],[139.8704,33.0747],[139.8452,33.046],[139.8344,33.0393],[139.82,33.0409],[139.802,33.0477],[139.7876,33.0578],[139.7768,33.0798],[139.7444,33.1186],[139.7408,33.1338],[139.7516,33.1456],[139.766,33.1507],[139.7912,33.1355]]],[[[129.0991,32.9886],[129.1099,32.9835],[129.1711,33.0055],[129.1819,32.9852],[129.1747,32.9667],[129.1567,32.9582],[129.1387,32.9379],[129.1171,32.9363],[129.0991,32.9194],[129.0919,32.9059],[129.0919,32.8907],[129.0991,32.8755],[129.0991,32.8687],[129.0955,32.8569],[129.0847,32.8569],[129.0667,32.862],[129.0631,32.8485],[129.0703,32.84],[129.0703,32.8265],[129.0667,32.8181],[129.0451,32.8214],[129.0487,32.8417],[129.0415,32.862],[129.0415,32.8957],[129.0487,32.9092],[129.0343,32.9329],[129.0235,32.9379],[128.9875,32.9447],[128.9803,32.9481],[128.9803,32.9599],[128.9983,32.9667],[129.0199,32.9802],[129.0343,32.9667],[129.0559,32.9802],[129.0415,33.0004],[129.0487,33.0393],[129.0667,33.0443],[129.0667,33.019],[129.0775,33.0207],[129.0847,33.0241],[129.0847,33.0426],[129.0811,33.0561],[129.0847,33.0764],[129.1027,33.0832],[129.1063,33.1017],[129.0991,33.1152],[129.0955,33.1254],[129.1099,33.1659],[129.1171,33.1591],[129.1171,33.1406],[129.1135,33.1321],[129.1099,33.122],[129.1171,33.1136],[129.1243,33.1085],[129.1171,33.0882],[129.1135,33.0697],[129.1027,33.0545],[129.0991,33.0359],[129.0955,33.0173],[129.0991,32.9886]]],[[[129.5563,33.4107],[129.5635,33.3668],[129.5563,33.3533],[129.5419,33.3364],[129.5275,33.3229],[129.5383,33.3162],[129.5275,33.3027],[129.5131,33.2976],[129.5131,33.2875],[129.5023,33.2807],[129.5023,33.2655],[129.4915,33.2453],[129.4483,33.198],[129.4123,33.1777],[129.3763,33.1693],[129.3583,33.1777],[129.3439,33.1794],[129.3439,33.1895],[129.3511,33.2132],[129.3619,33.198],[129.3835,33.1828],[129.4015,33.1862],[129.4051,33.1946],[129.4015,33.198],[129.3943,33.2031],[129.3835,33.2047],[129.3763,33.2149],[129.3835,33.2284],[129.3943,33.2402],[129.4159,33.2368],[129.4087,33.2537],[129.4051,33.2757],[129.4375,33.2959],[129.4411,33.3246],[129.4411,33.3483],[129.4951,33.3584],[129.5095,33.382],[129.5167,33.3787],[129.5239,33.3685],[129.5383,33.3787],[129.5239,33.3905],[129.5239,33.4057],[129.5563,33.4107]]],[[[132.2419,33.7941],[132.2527,33.7856],[132.2743,33.7721],[132.2743,33.7687],[132.2563,33.7653],[132.2347,33.7687],[132.2059,33.7822],[132.1879,33.7789],[132.1951,33.7941],[132.2095,33.8008],[132.2275,33.7991],[132.2419,33.7941]]],[[[129.7759,33.7738],[129.8011,33.7653],[129.8011,33.7518],[129.7831,33.7383],[129.7615,33.7366],[129.7363,33.7366],[129.7219,33.7164],[129.7219,33.6978],[129.7111,33.7012],[129.6895,33.7164],[129.6787,33.7299],[129.6823,33.7434],[129.6715,33.7502],[129.6571,33.7434],[129.6499,33.7552],[129.6463,33.7721],[129.6787,33.7603],[129.6859,33.7586],[129.6859,33.7653],[129.6607,33.7839],[129.6571,33.8042],[129.6571,33.816],[129.6787,33.8143],[129.6715,33.8329],[129.6787,33.8498],[129.6859,33.8599],[129.6895,33.8717],[129.7003,33.8616],[129.7687,33.8447],[129.7687,33.8363],[129.7615,33.8228],[129.7615,33.8126],[129.7651,33.8025],[129.7795,33.7924],[129.7975,33.7856],[129.7903,33.7856],[129.7831,33.7805],[129.7759,33.7789],[129.7759,33.7738]]],[[[132.2347,33.8684],[132.2311,33.8633],[132.2275,33.8599],[132.2167,33.8548],[132.2095,33.8751],[132.1951,33.8971],[132.1879,33.9207],[132.2023,33.9443],[132.2275,33.9528],[132.2527,33.9494],[132.2779,33.941],[132.2995,33.9308],[132.3247,33.8971],[132.3391,33.8971],[132.3535,33.9038],[132.3751,33.9173],[132.3787,33.9173],[132.3967,33.9156],[132.4003,33.9173],[132.4075,33.9224],[132.4111,33.9342],[132.4147,33.9376],[132.4291,33.9393],[132.4543,33.9376],[132.4687,33.9376],[132.4579,33.9275],[132.4363,33.9038],[132.4291,33.9021],[132.4183,33.9055],[132.3931,33.8987],[132.3859,33.8937],[132.3823,33.8869],[132.3787,33.8616],[132.3787,33.8515],[132.3751,33.8413],[132.3643,33.8447],[132.3391,33.8447],[132.3319,33.8481],[132.3283,33.8565],[132.3283,33.865],[132.3283,33.8751],[132.3175,33.8835],[132.3103,33.8751],[132.2995,33.8835],[132.2923,33.8785],[132.2887,33.8684],[132.2851,33.8616],[132.2707,33.8599],[132.2563,33.865],[132.2419,33.8616],[132.2347,33.8684]]],[[[139.4888,34.0608],[139.496,34.0929],[139.5248,34.1132],[139.5572,34.1132],[139.5752,34.0896],[139.5608,34.0575],[139.5356,34.0372],[139.5068,34.0355],[139.4888,34.0608]]],[[[132.5551,34.071],[132.5335,34.0828],[132.4795,34.0811],[132.4543,34.0879],[132.4723,34.1048],[132.4975,34.1166],[132.5083,34.1318],[132.4975,34.1571],[132.5083,34.1672],[132.5191,34.174],[132.5335,34.1774],[132.5443,34.1774],[132.5515,34.1706],[132.5479,34.1655],[132.5479,34.1622],[132.5443,34.1588],[132.5371,34.1571],[132.5479,34.1453],[132.5479,34.1335],[132.5479,34.1216],[132.5515,34.1081],[132.5767,34.1183],[132.5803,34.0997],[132.5695,34.076],[132.5551,34.071]]],[[[132.9979,34.2078],[132.9655,34.1926],[132.9547,34.1976],[132.9619,34.2179],[132.9691,34.223],[132.9871,34.2263],[132.9907,34.2314],[132.9907,34.2415],[132.9871,34.2483],[132.9799,34.2517],[132.9691,34.2533],[132.9871,34.2736],[133.0087,34.2905],[133.0303,34.2956],[133.0447,34.2736],[133.0555,34.2432],[133.0519,34.223],[133.0339,34.2078],[132.9979,34.2078]]],[[[129.3115,34.2804],[129.3151,34.2939],[129.3439,34.2939],[129.3475,34.2871],[129.3439,34.2787],[129.3259,34.2719],[129.3187,34.2584],[129.3223,34.2415],[129.3259,34.2297],[129.3079,34.2196],[129.2971,34.2179],[129.2971,34.2128],[129.3043,34.2094],[129.3007,34.1976],[129.2971,34.1824],[129.2971,34.1706],[129.2935,34.1672],[129.2863,34.1655],[129.2827,34.1571],[129.2827,34.1453],[129.2755,34.1284],[129.2647,34.1233],[129.2611,34.1149],[129.2503,34.1081],[129.2467,34.0997],[129.2359,34.1014],[129.2323,34.0946],[129.2215,34.0896],[129.2143,34.098],[129.2107,34.0997],[129.1999,34.1115],[129.1891,34.1149],[129.1783,34.1081],[129.1711,34.1064],[129.1711,34.147],[129.1783,34.1706],[129.1747,34.1959],[129.1819,34.228],[129.1891,34.2348],[129.1891,34.25],[129.1963,34.2736],[129.1999,34.3158],[129.2071,34.3293],[129.2251,34.3276],[129.2287,34.3209],[129.2251,34.3124],[129.2251,34.2939],[129.2323,34.2939],[129.2395,34.2989],[129.2467,34.3006],[129.2611,34.3074],[129.2755,34.3074],[129.2719,34.3158],[129.2683,34.3226],[129.2791,34.3226],[129.2899,34.3175],[129.3007,34.3074],[129.3007,34.2888],[129.3115,34.2804]]],[[[139.2692,34.3952],[139.28,34.4019],[139.2908,34.4138],[139.3016,34.4171],[139.3016,34.4003],[139.298,34.3682],[139.2836,34.3361],[139.2692,34.3226],[139.2548,34.3412],[139.2548,34.353],[139.2656,34.3884],[139.2692,34.3952]]],[[[135.0032,34.6079],[135.0284,34.5911],[135.0284,34.5792],[135.0176,34.5657],[135.0032,34.5522],[134.9959,34.5303],[134.9851,34.5049],[134.9563,34.4847],[134.9311,34.4543],[134.9023,34.4188],[134.8987,34.3817],[134.8951,34.3732],[134.8987,34.3614],[134.8987,34.3496],[134.9167,34.3378],[134.9203,34.3209],[134.9275,34.3091],[134.9491,34.2871],[134.9599,34.2702],[134.9383,34.2635],[134.9095,34.2567],[134.8843,34.2449],[134.8555,34.2365],[134.8339,34.2263],[134.8015,34.201],[134.7511,34.1926],[134.7295,34.1909],[134.7259,34.2094],[134.7043,34.2179],[134.7007,34.2213],[134.7151,34.2398],[134.7223,34.2533],[134.6863,34.2432],[134.6647,34.2652],[134.6575,34.2888],[134.6683,34.3023],[134.6827,34.3276],[134.7043,34.3226],[134.7223,34.3293],[134.7979,34.4475],[134.8231,34.461],[134.8411,34.4695],[134.8519,34.4762],[134.8555,34.483],[134.8663,34.4999],[134.8699,34.51],[134.8843,34.5303],[134.9239,34.5455],[134.9383,34.5505],[134.9635,34.5809],[134.9815,34.6029],[135.0032,34.6079]]],[[[129.4519,34.6198],[129.4627,34.6096],[129.4771,34.5978],[129.4771,34.5877],[129.4735,34.5792],[129.4627,34.5539],[129.4447,34.5151],[129.4015,34.4813],[129.3799,34.4526],[129.3835,34.4239],[129.3619,34.4053],[129.3583,34.3901],[129.3763,34.3952],[129.3943,34.4104],[129.3943,34.4036],[129.3871,34.3901],[129.3835,34.3834],[129.3871,34.3665],[129.3979,34.3547],[129.4087,34.3513],[129.4015,34.3378],[129.3871,34.331],[129.3799,34.3243],[129.3691,34.3074],[129.3439,34.3006],[129.3259,34.304],[129.3043,34.3243],[129.3223,34.3344],[129.3439,34.3276],[129.3475,34.3564],[129.3331,34.3614],[129.3151,34.3428],[129.3043,34.3428],[129.3043,34.3614],[129.3043,34.3732],[129.3079,34.3851],[129.2971,34.3766],[129.2863,34.3665],[129.2935,34.3496],[129.2863,34.3445],[129.2719,34.3564],[129.2467,34.3513],[129.2287,34.3564],[129.2359,34.3682],[129.2611,34.3699],[129.2719,34.3749],[129.2755,34.4138],[129.2683,34.4323],[129.2755,34.4408],[129.2863,34.4425],[129.2899,34.4408],[129.2971,34.4475],[129.3115,34.461],[129.3079,34.4661],[129.2935,34.4526],[129.2791,34.4509],[129.2755,34.4627],[129.2899,34.4881],[129.3043,34.5201],[129.3259,34.5353],[129.3259,34.5421],[129.3079,34.5607],[129.2899,34.5556],[129.2899,34.5691],[129.3043,34.5877],[129.3079,34.6029],[129.3223,34.6485],[129.3367,34.6485],[129.3619,34.6485],[129.3799,34.6451],[129.3907,34.6552],[129.4087,34.6755],[129.4267,34.6772],[129.4195,34.6856],[129.4231,34.6958],[129.4375,34.6941],[129.4519,34.7008],[129.4663,34.7008],[129.4699,34.6924],[129.4807,34.6839],[129.4879,34.6772],[129.4843,34.662],[129.4771,34.6569],[129.4699,34.6519],[129.4771,34.6502],[129.4879,34.6468],[129.4879,34.635],[129.4807,34.6198],[129.4735,34.6164],[129.4627,34.6215],[129.4519,34.6198]]],[[[139.4168,34.7802],[139.4384,34.7717],[139.4492,34.7565],[139.4564,34.738],[139.46,34.7143],[139.4564,34.6907],[139.4528,34.6789],[139.442,34.6772],[139.4204,34.6772],[139.3592,34.7025],[139.352,34.7194],[139.352,34.7667],[139.3556,34.7971],[139.4024,34.7886],[139.4168,34.7802]]],[[[133.0123,36.0145],[133.0231,36.0264],[133.0447,36.0196],[133.0663,36.0061],[133.0807,35.9943],[133.0663,35.9943],[133.0267,35.9943],[133.0231,35.996],[133.0159,36.001],[133.0123,36.0078],[133.0123,36.0145]]],[[[133.3687,36.2746],[133.3831,36.2577],[133.3795,36.2087],[133.3723,36.1969],[133.3615,36.1918],[133.3543,36.2037],[133.3435,36.2037],[133.3327,36.1986],[133.3255,36.1918],[133.3363,36.1851],[133.3399,36.1749],[133.3363,36.1648],[133.3255,36.1581],[133.3183,36.1581],[133.2787,36.1648],[133.2571,36.1648],[133.2499,36.1682],[133.2031,36.202],[133.1923,36.2053],[133.1887,36.2155],[133.1959,36.278],[133.2103,36.2965],[133.2931,36.3421],[133.2931,36.3303],[133.3003,36.3252],[133.3111,36.3235],[133.3219,36.3219],[133.3219,36.3185],[133.3255,36.31],[133.3291,36.305],[133.3363,36.3016],[133.3471,36.2982],[133.3543,36.2948],[133.3579,36.2881],[133.3651,36.2796],[133.3687,36.2746]]],[[[138.4592,38.0695],[138.4952,38.0662],[138.542,38.0763],[138.5744,38.0746],[138.5744,38.0358],[138.5672,38.0172],[138.524,37.9632],[138.5132,37.9446],[138.4988,37.9074],[138.488,37.8922],[138.3692,37.8281],[138.2648,37.7977],[138.2432,37.796],[138.2324,37.7977],[138.2216,37.8027],[138.2144,37.8095],[138.2108,37.8196],[138.2144,37.8298],[138.2252,37.8348],[138.272,37.8416],[138.2828,37.8483],[138.2864,37.8618],[138.2864,37.9057],[138.2972,37.9226],[138.3296,37.9513],[138.344,37.9665],[138.3152,37.9969],[138.2468,37.9783],[138.2324,38.0071],[138.2324,38.0307],[138.236,38.0526],[138.2432,38.0712],[138.254,38.0898],[138.2936,38.1354],[138.3116,38.1675],[138.3296,38.1827],[138.3476,38.1928],[138.3584,38.2029],[138.4016,38.2418],[138.4268,38.257],[138.47,38.3127],[138.4772,38.3194],[138.488,38.3228],[138.5132,38.3228],[138.5204,38.3178],[138.5204,38.3076],[138.506,38.2418],[138.488,38.181],[138.4448,38.1016],[138.4376,38.083],[138.4376,38.0645],[138.4448,38.0526],[138.452,38.0526],[138.4592,38.0695]]],[[[139.55,42.2437],[139.5644,42.2319],[139.5536,42.2116],[139.5212,42.1745],[139.514,42.1474],[139.514,42.1238],[139.5104,42.1002],[139.4924,42.0782],[139.4564,42.0512],[139.4456,42.0546],[139.4348,42.063],[139.4312,42.0731],[139.4312,42.085],[139.4276,42.0934],[139.424,42.1019],[139.424,42.1238],[139.424,42.1322],[139.4132,42.1441],[139.4096,42.1542],[139.4132,42.1728],[139.424,42.1913],[139.4384,42.2065],[139.4528,42.215],[139.4636,42.2167],[139.4852,42.2217],[139.496,42.2217],[139.5104,42.2251],[139.5392,42.2403],[139.55,42.2437]]],[[[145.3101,43.5929],[145.3461,43.576],[145.3605,43.5642],[145.3641,43.5557],[145.3497,43.549],[145.3137,43.5422],[145.3029,43.5355],[145.2957,43.5219],[145.2849,43.5186],[145.2741,43.5219],[145.2777,43.5388],[145.2885,43.5473],[145.3173,43.5574],[145.3317,43.5659],[145.2021,43.6131],[145.2885,43.6013],[145.3101,43.5929]]],[[[144.4496,43.9424],[144.4568,43.9424],[144.4496,43.9424],[144.4496,43.9424]]],[[[141.3284,45.1717],[141.3356,45.1582],[141.3284,45.148],[141.3176,45.1379],[141.3104,45.1244],[141.3032,45.1193],[141.2672,45.1008],[141.2528,45.0991],[141.2348,45.1025],[141.1808,45.1261],[141.1484,45.1464],[141.1304,45.17],[141.1448,45.1903],[141.1412,45.1953],[141.134,45.2055],[141.1304,45.2105],[141.1664,45.2392],[141.1808,45.2443],[141.2024,45.2494],[141.2348,45.2409],[141.2672,45.2257],[141.2924,45.2071],[141.3284,45.1717]]],[[[141.0512,45.4503],[141.0692,45.4419],[141.0728,45.425],[141.0584,45.322],[141.0512,45.2933],[141.0368,45.2646],[141.0296,45.2781],[141.0296,45.2831],[141.0368,45.2916],[141.0116,45.327],[140.9972,45.3507],[140.9936,45.3709],[141.0008,45.4199],[140.9972,45.43],[140.9684,45.4638],[140.9756,45.4672],[140.9792,45.4689],[140.9864,45.4672],[140.99,45.4638],[140.9936,45.4587],[141.008,45.4402],[141.0188,45.4402],[141.0368,45.4469],[141.0512,45.4503]]],[[[140.8712,27.2187],[140.8676,27.2339],[140.8748,27.239],[140.8784,27.2322],[140.8712,27.2187]]],[[[127.8103,26.7358],[127.8103,26.7071],[127.7851,26.702],[127.7599,26.7122],[127.7563,26.729],[127.7671,26.7341],[127.7959,26.7307],[127.8103,26.7358]]],[[[127.9939,27.0921],[128.0011,27.0921],[127.9939,27.0668],[127.9759,27.0397],[127.9507,27.0178],[127.9255,27.0094],[127.9363,27.0245],[127.9867,27.0786],[127.9939,27.0921]]],[[[130.2187,30.4709],[130.2439,30.4642],[130.2619,30.4473],[130.2619,30.4355],[130.2403,30.4355],[130.2331,30.4237],[130.2115,30.4203],[130.1935,30.4389],[130.1935,30.4524],[130.1899,30.4608],[130.1719,30.454],[130.1647,30.4692],[130.1503,30.4777],[130.1431,30.4895],[130.1647,30.4895],[130.1899,30.476],[130.2007,30.4811],[130.2187,30.4709]]],[[[134.3659,34.5539],[134.3623,34.5455],[134.3659,34.537],[134.3695,34.5252],[134.3731,34.5134],[134.3695,34.4847],[134.3479,34.4306],[134.3407,34.4391],[134.3335,34.4442],[134.3191,34.4458],[134.3047,34.4458],[134.3047,34.4509],[134.3263,34.4543],[134.3299,34.4627],[134.3191,34.4695],[134.2975,34.4644],[134.2831,34.4526],[134.2759,34.4357],[134.2615,34.4205],[134.2435,34.4171],[134.2471,34.4526],[134.2435,34.4644],[134.2219,34.4729],[134.2039,34.4712],[134.1859,34.4661],[134.1715,34.4661],[134.1607,34.4796],[134.1715,34.4864],[134.1715,34.4965],[134.1715,34.5083],[134.1751,34.5201],[134.2039,34.5117],[134.2291,34.5185],[134.2723,34.5404],[134.2831,34.5438],[134.3191,34.5472],[134.3551,34.5539],[134.3659,34.5539]]],[[[141.4544,24.2232],[141.4616,24.2266],[141.4688,24.2266],[141.4724,24.2198],[141.4688,24.2131],[141.4616,24.2114],[141.4544,24.2164],[141.4544,24.2232]]],[[[153.9717,24.2891],[153.9825,24.2958],[153.9861,24.2907],[153.9825,24.2823],[153.9789,24.2823],[153.9717,24.284],[153.9717,24.2891]]],[[[141.2888,25.417],[141.2744,25.4272],[141.2708,25.4407],[141.2744,25.4508],[141.2888,25.4525],[141.296,25.4457],[141.2996,25.4356],[141.296,25.4238],[141.2888,25.417]]],[[[131.2915,25.9506],[131.3023,25.954],[131.3203,25.9472],[131.3275,25.9371],[131.3239,25.927],[131.3167,25.9236],[131.3095,25.9236],[131.3023,25.927],[131.2915,25.9388],[131.2915,25.9506]]],[[[127.2235,26.599],[127.2343,26.6007],[127.2415,26.5973],[127.2451,26.5872],[127.2379,26.5788],[127.2271,26.5788],[127.2163,26.5771],[127.2091,26.5821],[127.2163,26.5923],[127.2235,26.599]]],[[[128.4547,27.0482],[128.4547,27.0279],[128.4475,27.0212],[128.4331,27.0212],[128.4115,27.0313],[128.4079,27.0347],[128.4007,27.0364],[128.3971,27.0414],[128.3971,27.0482],[128.4007,27.0516],[128.4079,27.0516],[128.4151,27.06],[128.4295,27.0668],[128.4439,27.0634],[128.4511,27.0549],[128.4547,27.0482]]],[[[142.1888,27.1461],[142.1852,27.1579],[142.1852,27.1748],[142.1924,27.185],[142.1996,27.1833],[142.2032,27.1731],[142.2032,27.163],[142.196,27.1529],[142.1888,27.1461]]],[[[142.196,27.5987],[142.178,27.6122],[142.1816,27.6189],[142.1924,27.6155],[142.196,27.5987]]],[[[142.0808,27.7169],[142.0772,27.727],[142.0808,27.7304],[142.0844,27.7253],[142.0808,27.7169]]],[[[128.2351,27.8671],[128.2387,27.8604],[128.2423,27.857],[128.2423,27.8452],[128.2315,27.8536],[128.2315,27.8688],[128.2351,27.8671]]],[[[129.5923,29.4493],[129.5887,29.4578],[129.5923,29.4679],[129.5995,29.473],[129.5995,29.4713],[129.6031,29.4696],[129.6067,29.4696],[129.6103,29.4662],[129.6139,29.4544],[129.6139,29.4426],[129.5995,29.4426],[129.5923,29.4493]]],[[[129.5275,29.9019],[129.5275,29.9086],[129.5347,29.9103],[129.5419,29.9086],[129.5491,29.9036],[129.5527,29.8968],[129.5527,29.8934],[129.5383,29.8901],[129.5347,29.8934],[129.5275,29.9019]]],[[[129.9451,29.966],[129.9451,29.961],[129.9487,29.9593],[129.9415,29.9525],[129.9235,29.9576],[129.9127,29.961],[129.9019,29.9711],[129.9019,29.9728],[129.8983,29.9762],[129.9019,29.9812],[129.9019,29.9846],[129.9127,29.9914],[129.9091,29.9998],[129.9127,29.9998],[129.9235,30.0049],[129.9271,29.9931],[129.9343,29.9829],[129.9451,29.966]]],[[[140.306,30.4912],[140.3168,30.4912],[140.3276,30.4844],[140.3204,30.476],[140.306,30.4743],[140.3024,30.4811],[140.3024,30.4861],[140.306,30.4912]]],[[[129.4267,30.8458],[129.4303,30.8475],[129.4339,30.8441],[129.4303,30.8407],[129.4267,30.8458]]],[[[129.9451,30.8441],[129.9595,30.8374],[129.9595,30.8289],[129.9487,30.8188],[129.9379,30.8137],[129.9271,30.8137],[129.9127,30.8205],[129.9091,30.8222],[129.9091,30.8255],[129.9055,30.834],[129.9091,30.839],[129.9163,30.8424],[129.9271,30.8492],[129.9307,30.8526],[129.9415,30.8492],[129.9451,30.8441]]],[[[140.0432,31.4436],[140.0432,31.4452],[140.0468,31.4436],[140.0432,31.4436]]],[[[140.0432,31.4452],[140.0432,31.4436],[140.0396,31.4436],[140.0396,31.4469],[140.0432,31.4452]]],[[[139.7552,32.4516],[139.7588,32.4702],[139.7732,32.4415],[139.7552,32.4516]]],[[[139.298,33.6505],[139.2944,33.6505],[139.298,33.6505],[139.298,33.6505]]],[[[139.622,33.8852],[139.6292,33.8717],[139.6292,33.865],[139.622,33.8565],[139.6112,33.8532],[139.5932,33.8548],[139.5824,33.8633],[139.5788,33.8802],[139.5932,33.8954],[139.6112,33.8971],[139.6184,33.8903],[139.622,33.8852]]],[[[139.3736,41.5227],[139.3772,41.5193],[139.3808,41.5142],[139.3736,41.5041],[139.3448,41.494],[139.3412,41.4973],[139.3376,41.5109],[139.3376,41.5193],[139.3412,41.5244],[139.3484,41.5244],[139.3556,41.5227],[139.3736,41.5227]]],[[[153.9645,24.3093],[153.9537,24.2924],[153.9393,24.311],[153.9537,24.3161],[153.9645,24.3093]]],[[[125.2039,24.8463],[125.2111,24.8362],[125.2183,24.8159],[125.2039,24.8058],[125.1679,24.8007],[125.1499,24.8041],[125.1391,24.8159],[125.1427,24.8294],[125.1499,24.8328],[125.1571,24.8345],[125.1607,24.8446],[125.1643,24.8547],[125.1787,24.8564],[125.1931,24.8497],[125.2039,24.8463]]],[[[127.3711,26.214],[127.3711,26.2107],[127.3711,26.2039],[127.3675,26.1904],[127.3639,26.1769],[127.3603,26.1634],[127.3531,26.1532],[127.3459,26.1583],[127.3423,26.1701],[127.3423,26.1803],[127.3423,26.1853],[127.3459,26.2056],[127.3531,26.2191],[127.3639,26.2208],[127.3711,26.214]]],[[[142.106,27.727],[142.1096,27.7304],[142.1132,27.7253],[142.106,27.7169],[142.106,27.727]]],[[[129.9343,31.8674],[129.9271,31.864],[129.9271,31.8589],[129.9307,31.8539],[129.9271,31.8471],[129.9271,31.8404],[129.9307,31.837],[129.9307,31.8336],[129.9307,31.8269],[129.9235,31.8201],[129.9127,31.8201],[129.9019,31.8184],[129.8911,31.81],[129.8767,31.8117],[129.8695,31.8184],[129.8623,31.8201],[129.8587,31.8235],[129.8587,31.8286],[129.8551,31.8353],[129.8479,31.8437],[129.8479,31.8505],[129.8551,31.8556],[129.8515,31.8573],[129.8407,31.8539],[129.8335,31.8437],[129.8227,31.8421],[129.8191,31.8454],[129.8191,31.8522],[129.8227,31.8623],[129.8335,31.8741],[129.8443,31.8809],[129.8659,31.8758],[129.9019,31.8488],[129.9091,31.8454],[129.9127,31.8522],[129.9091,31.8623],[129.9127,31.8674],[129.9271,31.8691],[129.9343,31.8674]]],[[[130.2439,32.3014],[130.2619,32.2946],[130.2655,32.2878],[130.2619,32.2811],[130.2547,32.271],[130.2439,32.2625],[130.2331,32.2591],[130.2223,32.2574],[130.2151,32.2524],[130.2115,32.2558],[130.2115,32.2659],[130.2115,32.276],[130.2187,32.2862],[130.2223,32.2912],[130.2295,32.2929],[130.2295,32.2946],[130.2331,32.298],[130.2439,32.3014]]],[[[130.4455,32.5969],[130.4527,32.5901],[130.4527,32.58],[130.4527,32.5631],[130.4455,32.5529],[130.4311,32.5496],[130.4239,32.5462],[130.4275,32.5378],[130.4203,32.5411],[130.4095,32.5496],[130.4059,32.5614],[130.4131,32.5732],[130.4095,32.5817],[130.3987,32.5867],[130.3987,32.5935],[130.4131,32.6137],[130.4167,32.6137],[130.4167,32.6104],[130.4203,32.612],[130.4275,32.6171],[130.4383,32.6205],[130.4455,32.6171],[130.4527,32.6104],[130.4491,32.6036],[130.4455,32.5969]]],[[[132.5623,32.7421],[132.5695,32.7336],[132.5731,32.7252],[132.5695,32.7167],[132.5623,32.71],[132.5479,32.7049],[132.5443,32.7083],[132.5407,32.7218],[132.5407,32.7336],[132.5443,32.7454],[132.5479,32.7505],[132.5551,32.7471],[132.5587,32.7454],[132.5623,32.7421]]],[[[128.9011,32.8181],[128.9011,32.8147],[128.9083,32.8012],[128.9083,32.7944],[128.8939,32.7809],[128.8831,32.7657],[128.8759,32.764],[128.8651,32.7657],[128.8471,32.7742],[128.8399,32.7775],[128.8363,32.7877],[128.8363,32.8197],[128.8363,32.8265],[128.8363,32.8333],[128.8471,32.8349],[128.8579,32.8299],[128.8651,32.8181],[128.8651,32.8079],[128.8687,32.8012],[128.8723,32.7995],[128.8759,32.8012],[128.8759,32.8045],[128.8723,32.8079],[128.8723,32.8164],[128.8651,32.8248],[128.8615,32.8349],[128.8687,32.8383],[128.8939,32.8231],[128.9011,32.8181]]],[[[128.9515,32.8738],[128.9551,32.8636],[128.9587,32.8417],[128.9551,32.8299],[128.9479,32.8282],[128.9443,32.8231],[128.9479,32.8197],[128.9479,32.813],[128.9443,32.8045],[128.9407,32.8045],[128.9371,32.813],[128.9335,32.8164],[128.9227,32.8181],[128.9191,32.8214],[128.9227,32.8248],[128.9227,32.8299],[128.9191,32.8349],[128.9155,32.8383],[128.9083,32.8417],[128.8975,32.8569],[128.8903,32.8586],[128.8831,32.8552],[128.8795,32.862],[128.8903,32.8704],[128.9083,32.867],[128.9227,32.8518],[128.9299,32.8501],[128.9263,32.862],[128.9299,32.8653],[128.9371,32.8603],[128.9407,32.8653],[128.9443,32.8755],[128.9479,32.8805],[128.9515,32.8772],[128.9515,32.8738]]],[[[129.0271,32.8991],[129.0307,32.8924],[129.0307,32.889],[129.0271,32.8552],[129.0235,32.8485],[129.0163,32.8485],[129.0163,32.8569],[129.0127,32.8586],[129.0055,32.8653],[128.9983,32.867],[128.9839,32.862],[128.9767,32.8636],[128.9731,32.8687],[128.9695,32.8721],[128.9695,32.8738],[128.9659,32.889],[128.9659,32.8974],[128.9731,32.8991],[128.9911,32.8907],[128.9947,32.8907],[128.9947,32.8957],[128.9875,32.9008],[128.9839,32.9059],[128.9839,32.9126],[128.9803,32.916],[128.9803,32.9211],[128.9839,32.9227],[128.9839,32.9261],[128.9839,32.9295],[128.9911,32.9295],[129.0091,32.9244],[129.0199,32.916],[129.0235,32.9092],[129.0271,32.8991]]],[[[129.1351,33.2993],[129.1423,33.2841],[129.1495,33.2773],[129.1495,33.2689],[129.1351,33.2588],[129.1279,33.247],[129.1207,33.247],[129.1027,33.2486],[129.0919,33.2554],[129.0847,33.2605],[129.0811,33.2605],[129.0739,33.2605],[129.0775,33.2689],[129.0883,33.2841],[129.1027,33.2892],[129.1135,33.2909],[129.1279,33.301],[129.1351,33.2993]]],[[[129.5563,33.4935],[129.5743,33.4969],[129.5779,33.4884],[129.5671,33.4783],[129.5527,33.4732],[129.5383,33.4749],[129.5275,33.48],[129.5203,33.4783],[129.5167,33.4732],[129.5131,33.4732],[129.5023,33.4732],[129.5059,33.4834],[129.5239,33.4969],[129.5419,33.507],[129.5527,33.507],[129.5563,33.5002],[129.5563,33.4935]]],[[[132.6415,34.0136],[132.6451,34.0119],[132.6451,34.0001],[132.6415,33.9899],[132.6415,33.9832],[132.6379,33.9798],[132.6343,33.9747],[132.6343,33.9646],[132.6199,33.9545],[132.6019,33.9494],[132.5875,33.9562],[132.5875,33.9697],[132.5947,33.9815],[132.6055,33.9899],[132.6127,33.9933],[132.6163,33.995],[132.6235,33.9984],[132.6379,34.0085],[132.6415,34.0136]]],[[[133.0951,34.174],[133.0987,34.1757],[133.1023,34.1706],[133.0951,34.1605],[133.0447,34.1183],[133.0267,34.1115],[133.0159,34.1183],[133.0159,34.1368],[133.0195,34.1503],[133.0267,34.1537],[133.0303,34.1537],[133.0375,34.1537],[133.0339,34.1622],[133.0267,34.1757],[133.0339,34.1892],[133.0555,34.1942],[133.0699,34.1875],[133.0771,34.1807],[133.0843,34.1757],[133.0951,34.174]]],[[[132.7387,34.1976],[132.7567,34.1892],[132.7603,34.1774],[132.7567,34.1672],[132.7459,34.1622],[132.7387,34.1605],[132.7387,34.1622],[132.7387,34.1689],[132.7315,34.1706],[132.7243,34.1706],[132.6991,34.1807],[132.6883,34.1892],[132.6955,34.1993],[132.7099,34.2027],[132.7279,34.1993],[132.7387,34.1976]]],[[[132.9223,34.277],[132.9295,34.2837],[132.9331,34.2753],[132.9295,34.2517],[132.9187,34.2331],[132.9151,34.2213],[132.9043,34.2128],[132.8827,34.2094],[132.8647,34.2078],[132.8503,34.2145],[132.8431,34.228],[132.8467,34.2398],[132.8539,34.2449],[132.8575,34.2466],[132.8863,34.2567],[132.8971,34.2567],[132.9079,34.2635],[132.9223,34.277]]],[[[132.3391,34.304],[132.3427,34.2956],[132.3463,34.2871],[132.3463,34.2821],[132.3247,34.2652],[132.2959,34.2432],[132.2779,34.2381],[132.2671,34.2449],[132.2671,34.2533],[132.2851,34.2787],[132.2995,34.2922],[132.3139,34.3006],[132.3283,34.3057],[132.3391,34.304]]],[[[133.7143,34.3969],[133.7251,34.3851],[133.7251,34.3715],[133.7215,34.3631],[133.7143,34.3597],[133.7071,34.3547],[133.7035,34.3513],[133.6963,34.3547],[133.6891,34.3665],[133.6927,34.3783],[133.7035,34.3918],[133.7071,34.3969],[133.7143,34.3969]]],[[[135.2048,34.4306],[135.2408,34.4543],[135.2588,34.4357],[135.2228,34.4171],[135.212,34.4222],[135.2048,34.4306]]],[[[134.0491,34.4746],[134.0383,34.4779],[134.0383,34.4813],[134.0383,34.483],[134.0455,34.4881],[134.0563,34.4881],[134.0707,34.4982],[134.0851,34.4999],[134.0887,34.4982],[134.0959,34.4914],[134.1031,34.4914],[134.1031,34.4897],[134.1031,34.4813],[134.0851,34.4594],[134.0779,34.461],[134.0671,34.4661],[134.0671,34.4678],[134.0491,34.4746]]],[[[136.8932,34.4965],[136.9004,34.5033],[136.9076,34.5016],[136.9076,34.4948],[136.904,34.4864],[136.8896,34.4796],[136.8824,34.4746],[136.8788,34.483],[136.8716,34.4914],[136.8932,34.4965]]],[[[136.8896,34.532],[136.8968,34.5387],[136.9112,34.5404],[136.904,34.532],[136.904,34.5252],[136.8896,34.5218],[136.8752,34.5134],[136.8572,34.51],[136.85,34.5151],[136.8644,34.5218],[136.8896,34.532]]],[[[136.7996,34.8764],[136.8104,34.8764],[136.8248,34.8612],[136.8248,34.8494],[136.814,34.846],[136.814,34.8393],[136.8068,34.8393],[136.7996,34.8764]]],[[[137.048,37.1526],[137.0444,37.1459],[137.0444,37.1374],[137.0444,37.1273],[137.0372,37.1206],[137.0228,37.1138],[137.0048,37.1138],[136.9868,37.1087],[136.9724,37.102],[136.9616,37.102],[136.9472,37.0969],[136.9436,37.0969],[136.9364,37.1087],[136.9148,37.1273],[136.904,37.1442],[136.9112,37.1509],[136.9184,37.1476],[136.922,37.1408],[136.9292,37.1374],[136.9328,37.1425],[136.94,37.1442],[136.9508,37.1442],[136.958,37.1476],[136.9652,37.1526],[136.9724,37.1526],[136.9796,37.1509],[136.9904,37.1459],[136.9976,37.1391],[137.0084,37.1408],[137.0156,37.1442],[137.0264,37.156],[137.0408,37.1594],[137.048,37.1526]]],[[[123.6054,25.7395],[123.6018,25.7395],[123.6018,25.7463],[123.6054,25.7395]]],[[[123.5442,25.7615],[123.5298,25.7615],[123.5118,25.7581],[123.5154,25.7699],[123.5298,25.7733],[123.537,25.7733],[123.5442,25.7615]]],[[[123.6738,25.9287],[123.6738,25.927],[123.6702,25.9303],[123.6738,25.9287]]]]}}]}